time,portfolio_value
0,9912.134713820382
1,9941.03385810726
2,9864.442920919731
3,9808.912301200566
4,9870.007536009314
5,9865.235176960752
6,9781.209834727106
7,9703.211021460062
8,9678.095739794438
9,9634.779274418788
10,9719.18150689956
11,9841.861291089233
12,9813.110651758787
13,9792.361916794784
14,9910.654701813562
15,10029.56322624331
16,10002.760830717354
17,10354.577545215123
18,10282.310245867753
19,10298.676747737905
20,10261.341040513551
21,10266.458549942747
22,10255.944954233975
23,10495.15853789606
24,10485.25547012007
25,10412.338769399545
26,10393.7310069077
27,10401.581133445425
28,10248.926977106958
29,10169.220359954461
30,10216.748371155678
31,10224.724068384041
32,10344.905798395259
33,10515.697757877077
34,10541.363315650278
35,10543.045905718378
36,10419.237861175814
37,10414.598299457319
38,10286.071957690312
39,10334.305141353716
40,10222.461096335483
41,10294.10051457095
42,10226.509087648948
43,10238.05689141472
44,10283.572751234322
45,10219.47002865455
46,10188.441597707606
47,10188.17409387723
48,10288.162009708285
49,10407.728376572497
50,10799.119515480377
51,10647.404132300135
52,10695.243164630583
53,10868.275691158986
54,10804.824483882127
55,10839.442494782857
56,10949.723868660772
57,10993.15974946417
58,11110.885413232696
59,11257.013580225288
60,11044.864022091773
61,11229.539711170031
62,11148.577229420282
63,11176.492721692757
64,11084.622792651668
65,11035.933492456252
66,11167.649339340305
67,11338.432247302308
68,11052.043222896242
69,11109.921376534328
70,11005.88077817736
71,10946.57475714172
72,11125.939538713608
73,10987.208864337883
74,10946.203329509273
75,10883.31315300971
76,10828.616375688147
77,10814.939713420072
78,10676.99617252127
79,10546.506585239356
80,10522.453352524497
81,10482.641727505137
82,10468.591028557303
83,10530.347921881086
84,10605.569132355122
85,10675.545542950425
86,10423.293894967346
87,10508.894217153122
88,10460.600110419839
89,10383.279646231722
90,10412.99660814054
91,10444.49066396745
92,10404.276916358282
93,10367.07669106975
94,10309.762731625071
95,10221.885303903004
96,10175.557311503724
97,10165.744871975901
98,10109.125073744346
99,10206.174495107341
100,10233.34274437219
101,10345.817129053232
102,10361.144941377974
103,10269.50448914025
104,10181.964304945368
105,10161.61055829978
106,10090.534608087873
107,10115.395998906168
108,10227.193474821968
109,10233.847706545877
110,10166.762276367543
111,10071.052608505104
112,10104.79298847172
113,10129.088450605146
114,10100.51427818132
115,10053.548356811332
116,10027.00130361801
117,10082.363549377358
118,10013.568164771115
119,9860.743334091909
120,10008.309137351025
121,9890.691022185878
122,9924.63510474132
123,9905.704372666545
124,9861.419345732731
125,9792.837205803427
126,9739.843833332021
127,9705.050595815786
128,9713.53681211925
129,9684.243983058645
130,9719.539670477656
131,9629.469758082027
132,9616.467225186354
133,9721.039091232646
134,9736.271201577085
135,9809.06219069128
136,9681.449410478312
137,9752.21450068695
138,9760.935717573278
139,9734.383734548413
140,9660.474752856044
141,9632.39876976706
142,9564.159433392531
143,9507.50302099509
144,9512.891786585105
145,9404.31885520786
146,9435.848776593051
147,9417.852524316166
148,9400.754793669412
149,9478.56835006641
150,9490.610440311153
151,9786.071342047773
152,9769.081150034817
153,9752.975453939584
154,9684.803320089244
155,9648.39826396396
156,9624.858350568049
157,9455.371313533113
158,8854.473894842531
159,8816.482702097286
160,8684.10550721953
161,8496.644669775937
162,8481.340681813876
163,8442.57969933685
164,8301.820204710144
165,8394.65866905114
166,8246.986433188269
167,8468.463020520032
168,8363.515044011787
169,8300.388454768376
170,8252.367838553464
171,8172.315322536859
172,8140.327556418003
173,7912.773707317846
174,8063.51005530065
175,8172.6709967567895
176,8044.379340473197
177,8118.824951598759
178,8003.296913106799
179,7945.871269343343
180,7845.677648799592
181,7916.56258027204
182,7869.247462885595
183,7633.528113981595
184,7586.904553314894
185,7509.938050055399
186,7310.696453659773
187,7389.611640371831
188,7414.729680170397
189,7587.811466181804
190,7523.377545150542
191,7526.577834055559
192,7509.15789281536
193,7467.292005988384
194,7380.631738758214
195,7406.786287879482
196,7336.236034074251
197,7263.58756707027
198,7152.100623238373
199,7168.240304837065
200,7143.006827645209
201,7064.211064571632
202,7074.913966184024
203,7048.383895247787
204,6817.176791898813
205,6922.300993601944
206,7150.879036750027
207,7116.615510574888
208,6990.480389926996
209,7021.639520368544
210,6847.2811488783045
211,6845.022121731909
212,6815.370743818145
213,6900.39984529259
214,6850.253027778152
215,6894.758937662978
216,6910.395090721476
217,6916.907342656033
218,6921.112000241262
219,6888.531374140251
220,6927.143183595341
221,7083.570367739236
222,7179.718452478708
223,7122.223743374114
224,7102.047630503288
225,7112.29916567191
226,7060.373120716646
227,7038.142474561044
228,6783.996914874554
229,6837.316908814928
230,6814.113753993227
231,6726.558032052116
232,6983.418673533314
233,6844.053764999623
234,6858.022885571316
235,6774.599733367778
236,6729.893682788959
237,6748.265241676525
238,6715.285755556444
239,6689.615134600502
240,6634.543038653639
241,6619.128025159969
242,6577.969021393093
243,6574.110174665415
244,6591.637258366723
245,6552.835756106427
246,6538.31588213181
247,6499.723314933689
248,6529.1827919016605
249,6627.69886739587
250,6651.799964732636
251,6608.260869160193
252,6545.216066596591
253,6603.582848025557
254,6552.631077315847
255,6623.95394215513
256,6587.734617596849
257,6632.93837343187
258,6628.694931476193
259,6841.080788797444
260,6966.9376318575705
261,6926.814569704976
262,6848.984386919711
263,6976.736804350632
264,7104.636345629321
265,6987.852664588668
266,6999.81931508928
267,6944.276810126605
268,6863.776394537282
269,6801.209116359724
270,6790.998842727311
271,6738.907868617537
272,6676.882550435644
273,6608.348116706585
274,6640.139989095352
275,6640.2729168259475
276,6691.8908852903205
277,6623.098755420714
278,6618.521294854708
279,6599.97099492137
280,6570.849928603312
281,6539.1696006879765
282,6516.182732590786
283,6476.109872533774
284,6417.078615093659
285,6331.318501173894
286,6345.54732936459
287,6419.90099331237
288,6309.753332524109
289,6222.181941264455
290,6167.460817480101
291,6204.4717992843625
292,6118.207401388318
293,6035.496166063468
294,6042.145533747284
295,5963.732036471483
296,5946.668583183596
297,5871.276724670691
298,5721.2618114066745
299,5741.769873144619
300,5780.664065146871
301,5850.560744711651
302,5879.510175797559
303,5788.531540316961
304,5775.69519180186
305,5733.84849511789
306,5746.956946458928
307,5882.596568868315
308,5921.664301713691
309,5963.057294907642
310,5902.388067846529
311,5884.351806133953
312,5885.038825726308
313,5900.6095266885695
314,5890.054219659384
315,5924.068708652633
316,5851.091084500286
317,5913.966443677156
318,5877.541905269976
319,5922.265378815921
320,6029.272416410193
321,5938.963027520306
322,5892.311939202803
323,5843.387869988432
324,5908.27999663405
325,5928.007753266375
326,5943.395960729693
327,5897.686326555611
328,5978.740046830523
329,6035.379237640303
330,5981.882084925721
331,5972.321381257765
332,5947.225133088558
333,5950.25853428637
334,5940.151016518606
335,5921.142747711632
336,6036.273408061651
337,6078.681738738882
338,6044.665888699046
339,6007.223226099389
340,6012.28343293553
341,6039.033109578867
342,6157.688863870651
343,6109.106458576864
344,5921.145915694666
345,5908.144115654096
346,5830.037054843495
347,5802.131966012601
348,6081.305517728066
349,6076.085818920689
350,6140.669243224821
351,6067.939199976592
352,6042.593371301696
353,6111.945666887692
354,6083.130767145155
355,6032.702169375211
356,6029.763256436208
357,6074.598677815602
358,6106.172456888533
359,5927.94742670908
360,5977.735255933708
361,5933.617587156722
362,5921.193059778653
363,5954.324589486244
364,5900.348672494848
365,5929.983138360946
366,5903.043236720327
367,5769.124527149987
368,5813.798967456948
369,5802.732575029943
370,5911.96627545219
371,6119.758123345194
372,6011.464950803743
373,5877.684967333279
374,6061.1367399555975
375,6167.5534527656755
376,6178.774175667961
377,6144.559934947065
378,6199.370898974889
379,6124.373648144583
380,6092.028905405657
381,5919.355454193568
382,5893.994397864048
383,5942.157727745051
384,5968.007206379606
385,5975.4412688658695
386,5997.852628503877
387,6042.115996076266
388,6044.473966934939
389,6017.983760625515
390,5939.386669184672
391,5971.094587899439
392,5912.482273997667
393,5949.89276168611
394,5941.696968091299
395,5861.27887949921
396,5816.4127346490095
397,5867.801311540618
398,5819.385966340264
399,5917.066808811817
400,5812.846898560817
401,5827.274193515815
402,5915.446685589223
403,6000.649063907771
404,5943.08510828412
405,5874.357923156077
406,5843.532055537512
407,5856.557705221335
408,5783.206743295629
409,5755.753323043896
410,5656.756137677287
411,5596.428470735571
412,5402.29398444977
413,5477.954011659651
414,5403.557713268107
415,5432.773634699166
416,5410.286106593642
417,5343.468209209825
418,5392.7055670041045
419,5356.799845734508
420,5491.529366897709
421,5364.934679535369
422,5351.712642610225
423,5256.268211306044
424,5250.736045843555
425,5253.149265025785
426,5316.481356197654
427,5252.938587684349
428,5263.660410484685
429,5289.587695860083
430,5429.435471838083
431,5498.54842878563
432,5567.852986811083
433,5453.13286945
434,5308.614531434
435,5221.107111028312
436,5243.212520775054
437,5175.047686390714
438,5161.316392951863
439,5019.677175616462
440,5031.807270170388
441,5003.475542735352
442,4894.132025284871
443,5006.00236770826
444,5064.348539446267
445,5170.622346757318
446,5113.153848938948
447,5090.104052749791
448,5151.530658742277
449,5141.705984665039
450,5104.979490563083
451,5024.544141525122
452,4780.709595735579
453,4766.4583267732805
454,4652.449192693799
455,4498.66425143554
456,4583.468735362742
457,4637.178643780188
458,4681.359714694893
459,4659.941306927813
460,4672.846873827656
461,4899.59179416381
462,4969.103985579703
463,5045.681287714844
464,4903.7923482374335
465,4937.988825234037
466,4951.445612476441
467,4806.881939353392
468,4855.587411771787
469,4876.798705060745
470,4752.248227404234
471,4797.0910610629935
472,4553.391804589982
473,4688.1732839730885
474,4652.693246293882
475,4614.191611438799
476,4518.885296818765
477,4571.600192964897
478,4507.535189275173
479,4425.881520219371
480,4419.258044797972
481,4422.408795651112
482,4407.366457519036
483,4396.345580089879
484,4300.635645573025
485,4293.35970867404
486,4291.36924766658
487,4203.845347995969
488,4248.8423730973045
489,4325.968427426296
490,4360.480945878198
491,4350.894165634261
492,4320.485744556173
493,4268.080575115737
494,4298.472367839982
495,4315.776973140671
496,4384.255425796432
497,4407.303674533417
498,4353.4445264953165
499,4319.051193660755
500,4308.708114236465
501,4294.550899298938
502,4280.858684592987
503,4324.12275854839
504,4251.4673141275025
505,4257.776079573982
506,4234.064712429897
507,4212.959410556777
508,4195.2858713780815
509,4196.972228269042
510,4148.372088969199
511,4153.038142627008
512,4153.49711123767
513,4181.000488598289
514,4214.610096378082
515,4183.377225273017
516,4109.210993412846
517,4098.931519653714
518,4083.7302442758455
519,4099.838437638012
520,4107.244147848098
521,4019.544307504413
522,4072.438379771798
523,4061.848957572061
524,4030.921239319164
525,3990.752059590281
526,3986.4254905006105
527,3967.120838265598
528,3917.9784566073017
529,3915.3884413324117
530,3920.4392287109818
531,3871.2351967981717
532,3888.7482093890517
533,3869.3740798209533
534,3880.0032456180056
535,3835.5924494150286
536,3807.6462821897176
537,3795.2728489041124
538,3827.6857111878935
539,3783.6717108133075
540,3839.6152452158212
541,3911.853948282606
542,3908.748694841064
543,3887.2118446946993
544,3876.702142476029
545,3814.669339081152
546,3777.812827548739
547,3816.159132559596
548,3760.3950889006333
549,3831.5230726412965
550,3814.971151372531
551,3740.975981359774
552,3730.4170089328104
553,3717.5793500852683
554,3772.667717623727
555,3814.506113576861
556,3848.5216604447105
557,3808.0399756667725
558,3796.6227100592237
559,3802.7038563114675
560,3794.7232716490853
561,3794.323839221524
562,3773.9051416165735
563,3782.1829862566874
564,3760.711941422211
565,3758.822381237789
566,3725.845431045325
567,3686.6322615450035
568,3707.980699532671
569,3697.5907205491358
570,3669.768296692876
571,3604.59869577938
572,3608.492742304586
573,3582.078450004992
574,3578.9714878653226
575,3547.176293208415
576,3581.9278668142583
577,3580.262163548012
578,3610.393610355524
579,3580.921091037006
580,3562.4753465643007
581,3535.004426287299
582,3540.993643874986
583,3530.295866161809
584,3515.6534023366667
585,3518.7192634111416
586,3524.6369543370865
587,3516.5140616933963
588,3502.6762790557277
589,3507.11806924894
590,3522.948868705581
591,3509.85134141004
592,3495.0147331869707
593,3490.156775748391
594,3485.304274341281
595,3468.7968114910605
596,3462.567965810589
597,3456.702096385964
598,3430.1232056721024
599,3430.627498761095
600,3419.9215629761025
601,3413.0851397717133
602,3426.8198171693784
603,3421.7082772599683
604,3425.973545120762
605,3418.085986820921
606,3430.9554757417773
607,3426.5117326962245
608,3382.4806688483536
609,3391.5239834406484
610,3382.686940110709
611,3390.297868112008
612,3381.8130212773294
613,3379.824614947076
614,3375.7896592534075
615,3372.0968137557493
616,3367.388825805375
617,3365.053083758915
618,3371.4869864711627
619,3332.4167114937068
620,3299.2029455426596
621,3259.7354297054017
622,3190.2839219058383
623,3137.80170666287
624,3091.184794909087
625,3053.726202670455
626,3084.816272995025
627,3020.318112427899
628,3004.0267167129523
629,2948.835890117449
630,2923.8332988538336
631,2895.959797412468
632,2920.3587518868326
633,2856.88548417613
634,2878.9542397927034
635,2966.8089472802685
636,2951.438380782425
637,3002.0647255871677
638,2978.231816153209
639,2938.627454811255
640,2914.6696573842255
641,2893.696364587249
642,2911.712453376137
643,2991.2743831386892
644,2976.3251663359133
645,2973.5725383862364
646,2981.667249598141
647,2960.7407946636786
648,2948.784241635915
649,2974.288056312545
650,2981.636374629637
651,3001.8948855265076
652,3021.74523055651
653,2993.995463085593
654,3006.222383666128
655,2993.6321563340953
656,2977.640062735032
657,3000.7148542211844
658,2994.093434500484
659,2979.403806563838
660,2970.0352146064056
661,2951.712871909211
662,2963.426087868725
663,2911.243040634418
664,2905.4234657961897
665,2863.3703302344625
666,2865.616717670407
667,2811.2445492926877
668,2764.1007684333567
669,2796.05514605444
670,2788.337098074809
671,2804.918486999458
672,2798.705674494921
673,2793.7156313455125
674,2835.4948291183355
675,2837.65468788703
676,2836.188874099771
677,2834.1178315329753
678,2824.5618489286103
679,2803.0856574277996
680,2768.866593965456
681,2777.9083601697475
682,2770.277093980439
683,2738.072657202113
684,2718.405465305231
685,2705.888667140281
686,2716.6783499495705
687,2708.896237499636
688,2710.5214694258766
689,2730.2805038680967
690,2733.587918711766
691,2772.7368680717873
692,2775.6333963127163
693,2745.6891060307266
694,2724.258964512327
695,2747.739792513107
696,2763.609970709923
697,2775.0840566691163
698,2781.9006666025125
699,2775.765726829474
700,2750.169913560656
701,2746.101394154361
702,2743.4643645464093
703,2727.4472964959227
704,2737.3367155087617
705,2728.1788175948036
706,2727.252687931636
707,2698.3614539551613
708,2707.904873025519
709,2750.8710993112877
710,2740.0385629887046
711,2720.8337901806503
712,2708.4050502827354
713,2704.386112698187
714,2697.030719609831
715,2671.907151358348
716,2671.5585394559516
717,2673.9687279295786
718,2650.6668883359507
719,2635.442905029383
720,2619.718891833778
721,2593.0631470014378
722,2585.9612448945472
723,2562.7405872604336
724,2583.8216492114884
725,2603.9909509057825
726,2586.007780136803
727,2569.442722879879
728,2590.0307055730723
729,2579.178177431728
730,2627.423116438036
731,2626.4774809132336
732,2606.7214887446125
733,2596.417010444374
734,2619.8546783328993
735,2598.0626163526113
736,2569.152198233165
737,2523.858130252529
738,2510.584992531571
739,2497.8846095179247
740,2506.373571295626
741,2488.9633646438137
742,2482.671418542679
743,2493.4750779976102
744,2491.6376217862685
745,2503.1455636624105
746,2469.409488423762
747,2465.7765411934324
748,2478.278131486748
749,2455.149301901535
750,2429.252714989524
751,2417.4143764924806
752,2383.4183192336336
753,2379.6841438114343
754,2398.0620663421378
755,2396.603369580506
756,2366.465798217458
757,2359.1800721725217
758,2363.899267854486
759,2349.248506411626
760,2363.0933966909934
761,2334.0355791166385
762,2313.1796085135743
763,2302.7488282310824
764,2288.3191143343447
765,2271.171846761144
766,2245.55149644539
767,2273.621662592565
768,2266.8271125590136
769,2212.9038899441284
770,2161.1788345717996
771,2174.9960278499448
772,2205.858634131856
773,2204.418703373381
774,2173.3392702504457
775,2197.832536357256
776,2202.0485081009397
777,2176.288787469417
778,2129.7981264626205
779,2099.1333907934145
780,2139.105381256958
781,2126.792648954515
782,2115.492788465626
783,2025.1542342103637
784,1943.1569610544514
785,1924.2937811952536
786,1967.2226032848073
787,1951.2586868567862
788,1904.371673138754
789,1903.4408465235404
790,1925.9466143692807
791,1825.8963305476475
792,1489.9109372595303
793,1482.4152213016055
794,1565.5851579572297
795,1492.8341630099555
796,1613.689041049108
797,1619.426018969017
798,1691.513635124105
799,1638.3293425812535
800,1620.752872031033
801,1676.0083214474748
802,1663.7844636733103
803,1648.5731709535783
804,1621.0892539013778
805,1678.1988630661194
806,1773.064602302401
807,1766.052411867594
808,1795.2852795866056
809,1808.0453607329925
810,1840.7403126892086
811,1793.0262596732573
812,1836.8217001081946
813,1869.6986764536346
814,1851.1428867747293
815,1828.3309785011968
816,1850.1071712845828
817,1800.1806042217388
818,1791.6066145747823
819,1759.1351115715495
820,1679.2579762130647
821,1692.3117073502526
822,1607.4886665530837
823,1626.6657404868529
824,1642.1844113077402
825,1664.324843201626
826,1662.3332440315492
827,1689.2184863117595
828,1669.88110671329
829,1705.9223661080127
830,1674.0303083095148
831,1671.3449678541947
832,1662.7261516652575
833,1675.6430412038724
834,1647.1049900915634
835,1632.4456391558317
836,1581.1882555680581
837,1611.338470374525
838,1616.3741891772383
839,1610.3240143254793
840,1611.8661279116666
841,1630.0263593942425
842,1623.750214280477
843,1611.6843883333545
844,1623.0615979955335
845,1598.1766842521488
846,1606.5289225137751
847,1604.3844999952194
848,1595.4268980220206
849,1602.4402036234176
850,1630.4198183571948
851,1613.823227098165
852,1628.3448219544377
853,1609.9079178154407
854,1605.4270873597218
855,1581.0061461622506
856,1543.4718177932248
857,1533.9019012054318
858,1562.7758810785012
859,1544.6512326972693
860,1534.7019163895625
861,1513.9956657362786
862,1516.9749595714716
863,1519.5229291145147
864,1532.5743393157734
865,1539.1859592802484
866,1540.012573572444
867,1550.4663256092838
868,1542.0467185461794
869,1562.8573210248646
870,1548.7276039534554
871,1534.444732956634
872,1545.7898638624706
873,1542.9024169016188
874,1527.4850526260643
875,1495.1738226530058
876,1506.2811844747353
877,1469.5068420809525
878,1426.0541176278484
879,1415.396834324007
880,1423.5547577185591
881,1406.5538171838114
882,1396.7781226144425
883,1429.7291929716268
884,1413.989688525923
885,1408.789758390464
886,1391.9592503443196
887,1404.9359606015523
888,1428.6680448835843
889,1425.6159337825636
890,1415.7169146777649
891,1411.5189562781934
892,1399.5309482558273
893,1382.7192395435388
894,1386.5596990213946
895,1396.19514324045
896,1412.3646610370065
897,1409.155168368887
898,1412.890130860155
899,1404.8732136230185
900,1427.591857419455
901,1430.867654837948
902,1397.4208475762016
903,1384.3250941666981
904,1368.800885842553
905,1377.465943617658
906,1355.5585815940995
907,1318.7815581542789
908,1320.4896511068202
909,1313.7028459875098
910,1330.4541260261944
911,1338.308758451795
912,1317.8325279911041
913,1314.824173038155
914,1308.4632386358187
915,1295.6034872407847
916,1289.2958830122004
917,1288.202685017886
918,1294.699536575287
919,1276.2210299180545
920,1278.4643358421063
921,1268.9153883530441
922,1268.950154058207
923,1264.2139334293802
924,1271.0163370170812
925,1265.1893692056033
926,1255.5543754299226
927,1259.4088464647791
928,1268.8685947097065
929,1266.8754611113027
930,1264.5237265966446
931,1263.439049377489
932,1261.9936004242804
933,1254.979181653491
934,1256.0566500038522
935,1250.5036402298838
936,1258.8980215312895
937,1244.9744174262942
938,1267.566670704411
939,1260.2396691265435
940,1248.5076787360235
941,1245.8350973677277
942,1242.9917508755298
943,1241.5636602891798
944,1230.9969856487892
945,1228.7116276177487
946,1221.00380381044
947,1215.5930428277682
948,1186.312380593331
949,1191.0752129599166
950,1205.365495149967
951,1206.0755787243343
952,1190.3463153797156
953,1188.6572907547284
954,1174.566509122047
955,1174.6255702815447
956,1125.9491970281197
957,1144.2476185713724
958,1164.519195346111
959,1182.1467638891327
960,1138.5908024277599
961,1135.8051250470985
962,1165.577433875208
963,1164.6010416113177
964,1170.2094898467114
965,1166.6905741663297
966,1170.9176513492812
967,1180.4943908818525
968,1174.4492476283087
969,1167.5876537867327
970,1168.924261790391
971,1155.5977477028318
972,1185.028046737564
973,1165.7427213293283
974,1156.9572752012298
975,1159.104517890709
976,1160.084567768365
977,1160.5624912878375
978,1149.2117161252343
979,1158.0574883469803
980,1148.0561158374103
981,1153.5954159467187
982,1159.92242017482
983,1207.1851338319998
984,1210.288028789529
985,1205.9257107470246
986,1213.3719958339918
987,1274.4852729509614
988,1295.4353481450444
989,1278.7110445931596
990,1285.6126501374756
991,1290.081847514663
992,1273.9318240029663
993,1268.676430052811
994,1284.5870025032498
995,1285.1932133899877
996,1244.2942732898055
997,1251.2911978437935
998,1256.046604216566
999,1233.383471377394
1000,1206.877799384849
1001,1185.9615532835458
1002,1196.4236135632786
1003,1213.7112338268332
1004,1227.6516352405836
1005,1205.4413267532816
1006,1207.9996470614676
1007,1211.1626805719795
1008,1198.9998855904112
1009,1171.4488027936432
1010,1176.03762840193
1011,1166.3089184178552
1012,1176.249237758572
1013,1162.109947418575
1014,1176.1348276116598
1015,1175.6134827024744
1016,1200.198272770662
1017,1204.0257484321876
1018,1192.2217803935155
1019,1188.0233673015653
1020,1161.192809788237
1021,1162.4874093407573
1022,1159.7125225160912
1023,1178.7024361697177
1024,1180.9886966338047
1025,1172.6495695154156
1026,1175.2277065512992
1027,1178.2374342792386
1028,1176.4763926766166
1029,1180.944888163705
1030,1183.3192319045988
1031,1171.79795155568
1032,1180.3616029428122
1033,1161.3814791532013
1034,1157.0048068714516
1035,1138.8702426334428
1036,1143.7576606235
1037,1130.6737848555888
1038,1142.5387603834704
1039,1127.320504797241
1040,1135.0746773768715
1041,1129.331687130232
1042,1130.9745635123404
1043,1124.5327901145813
1044,1125.3063851992463
1045,1118.4618560874221
1046,1129.553695300815
1047,1112.1354350417855
1048,1119.0473567705703
1049,1138.7477278760791
1050,1135.049715712503
1051,1146.1175988539767
1052,1154.1631444871002
1053,1145.920755720469
1054,1143.3479957420345
1055,1131.2099241622075
1056,1124.7345682019563
1057,1122.3460356867447
1058,1137.3111348738792
1059,1124.0070219975266
1060,1112.1450451151773
1061,1108.9483734887253
1062,1109.2298511205731
1063,1125.8505512097638
1064,1133.5531253512233
1065,1120.3881666707637
1066,1110.438091245151
1067,1100.1110866657186
1068,1105.8658609246081
1069,1113.5092996674468
1070,1102.8149124653419
1071,1104.8361622634875
1072,1119.224826923496
1073,1108.4339274803576
1074,1107.3021643043605
1075,1088.5907698956466
1076,1088.1691354311354
1077,1070.9087662475663
1078,1075.0857277011005
1079,1066.0949498863267
1080,1077.887600828261
1081,1086.6893186288698
1082,1077.1829019462139
1083,1077.2919930512112
1084,1069.9586962437074
1085,1055.0950839780205
1086,1053.382802905992
1087,1056.4258796490305
1088,1051.020176279135
1089,1049.5766516496158
1090,1041.5731940446753
1091,1039.360121472538
1092,1034.799027488504
1093,1027.7735667157124
1094,1024.1568404046775
1095,1019.1213063567152
1096,1015.5281153749482
1097,1020.6153364326531
1098,1012.3761145751996
1099,1003.9079789145215
1100,1004.3451419796322
1101,1001.567217217013
1102,1000.7181330243858
1103,997.6948141606575
1104,996.0832366916743
1105,986.7057814122775
1106,987.1481647347063
1107,995.0684616732889
1108,994.5983704032121
1109,991.094154258087
1110,981.0437117600031
1111,978.9567754604699
1112,980.3904572806418
1113,974.5455087663428
1114,979.8518481524812
1115,972.7752256487661
1116,957.2517257823921
1117,958.8193702421459
1118,956.0341323811656
1119,957.4664752503493
1120,954.9345791120518
1121,950.0655748201627
1122,950.0127517662207
1123,947.4994538886328
1124,955.1681175579012
1125,956.0728747195373
1126,941.9507599720365
1127,952.6199112975235
1128,968.3507482465285
1129,961.317121275836
1130,962.6661146516001
1131,974.886300791865
1132,967.5081643317349
1133,972.076298107271
1134,954.5110061930332
1135,955.4812555150952
1136,953.0924879739686
1137,952.7401173650504
1138,954.2927403351122
1139,961.3081426494983
1140,965.0858133416825
1141,975.2434638251336
1142,957.5651434368469
1143,940.1896545284204
1144,936.6611640638354
1145,926.2073421766792
1146,946.4118126405916
1147,937.2607020074528
1148,955.0179780516696
1149,935.7329977289955
1150,941.427405201496
1151,919.567518695395
1152,931.4077240643016
1153,921.9104914935205
1154,932.5368231879303
1155,927.9072810173548
1156,907.6532408672556
1157,894.3623585465692
1158,890.0547489514624
1159,880.2740770484473
1160,894.7134802113982
1161,884.1585038750429
1162,878.8687785712771
1163,896.2757097290944
1164,891.8811784143612
1165,875.980519778282
1166,851.2352618617508
1167,831.8725220907671
1168,842.1098413119981
1169,832.3594452897789
1170,836.3982742649969
1171,829.2581871907274
1172,831.4984973161708
1173,831.614711314962
1174,836.4969789035838
1175,830.1752202624618
1176,821.6657235469872
1177,833.1444672869437
1178,828.1777449080462
1179,808.2917248879053
1180,813.3617150740827
1181,821.6897139472362
1182,833.0377860797796
1183,824.508899168082
1184,830.2542745889709
1185,830.873339945479
1186,838.8506513491101
1187,822.6913092027427
1188,827.5184787759799
1189,809.9325811380195
1190,815.6188581467305
1191,823.2090637495376
1192,820.1724392537639
1193,807.6405000292527
1194,810.5021727916203
1195,806.967465388569
1196,804.5051434487973
1197,810.1006573875023
1198,818.1022672485485
1199,821.320522134172
1200,817.0461269273501
1201,824.0304382437889
1202,820.8099648180985
1203,815.2962728884552
1204,811.4727613459203
1205,815.8974007747703
1206,812.4976346010329
1207,818.0382960062144
1208,814.3304224805446
1209,819.4251093635359
1210,816.8581269471576
1211,809.6626596605923
1212,811.5395003520393
1213,807.2496564967184
1214,802.8713265279796
1215,811.6896964577815
1216,816.3902008913851
1217,820.2544198643765
1218,823.4904611588785
1219,816.77557112725
1220,811.9053326304515
1221,809.3736060194535
1222,809.771026634566
1223,802.7217040219322
1224,805.0313160880464
1225,804.724201207587
1226,799.017009127742
1227,801.6098942958079
1228,798.613561410746
1229,791.6513524281434
1230,790.6638474055479
1231,792.7451794933426
1232,792.6420558156394
1233,794.0147888856754
1234,785.3444020080768
1235,786.3271901383738
1236,799.6489179096054
1237,788.0760118300785
1238,780.9378563537917
1239,773.3381013417629
1240,748.171857894063
1241,750.8476381174519
1242,729.8869152093382
1243,730.3602969755199
1244,728.7074504627967
1245,733.8910054674931
1246,731.9437423217653
1247,742.653665710292
1248,740.3081663514205
1249,731.3817718302439
1250,728.966966218847
1251,733.9756694699786
1252,730.8952063901886
1253,725.5511554389899
1254,721.0762094431707
1255,717.3708857588485
1256,721.1145769893411
1257,720.6125899276809
1258,720.7660782484373
1259,721.5711113232967
1260,719.2881825384394
1261,715.3338415888546
1262,719.6709304294666
1263,718.3251390923543
1264,724.4861204225115
1265,722.2981919796357
1266,719.9315653107989
1267,714.1641545086596
1268,715.4018349699284
1269,710.9448880634421
1270,707.9675354408283
1271,709.3843643962437
1272,704.7752141726381
1273,699.8176895580244
1274,698.6003737479947
1275,695.5725613592481
1276,698.342682120911
1277,699.3838872723449
1278,709.1564747336917
1279,702.7940490527749
1280,700.1329979187989
1281,696.1365757789346
1282,690.6340816115031
1283,687.9156673120154
1284,691.7921628026517
1285,683.92446883719
1286,675.2875676357046
1287,675.0878830540169
1288,676.5640217252053
1289,673.6253253665774
1290,673.2461824374219
1291,673.7435909646724
1292,673.7107368362474
1293,668.9545240396543
1294,671.5434179996241
1295,671.5941709600392
1296,664.7770199305094
1297,655.816309033844
1298,639.0990972231841
1299,636.0075819657704
1300,641.1154611291136
1301,641.2964470669015
1302,639.9286335835869
1303,626.8241620599175
1304,629.0774176294003
1305,626.2836278620855
1306,626.3945251279614
1307,623.7822485478962
1308,620.075029292962
1309,605.4580182735748
1310,607.2051499785485
1311,607.5092767813072
1312,613.6168609229071
1313,608.6105726192106
1314,600.2688584274669
1315,599.4872067782271
1316,595.8676239082961
1317,566.5132994684847
1318,566.7944993724792
1319,568.2341746142746
1320,565.2761389597167
1321,569.6016312296175
1322,562.0285012967876
1323,557.2825462789261
1324,566.3568822080409
1325,553.0887619656781
1326,539.7077527077398
1327,540.4256677049249
1328,527.3635270462192
1329,524.9264434970687
1330,535.892273308005
1331,539.4392337742892
1332,529.3855178585002
1333,519.4505387128203
1334,526.8684684878322
1335,529.9947743835263
1336,531.020895385428
1337,528.7585702999585
1338,539.6058265365166
1339,541.6368019611506
1340,545.4877299880874
1341,549.5593458949119
1342,541.4861310464136
1343,534.8667771119431
1344,537.4288544682004
1345,542.420823719917
1346,542.3586559120973
1347,539.8620511738811
1348,532.9878186555198
1349,537.1587555523695
1350,531.9510447932691
1351,527.9296494880294
1352,535.109157063053
1353,533.9619419948641
1354,526.3948944026964
1355,516.0759669310177
1356,512.6552282355846
1357,520.9369971935953
1358,519.8188841119713
1359,514.7196173725223
1360,502.6049434208233
1361,489.544739134065
1362,487.57621404317837
1363,497.5449543269531
1364,495.2610147579113
1365,493.21129521271007
1366,489.0526424810614
1367,487.5472960689857
1368,491.23752692726686
1369,490.40572094617005
1370,493.24727946832195
1371,490.7654979131015
1372,494.85994429088487
1373,498.042176317856
1374,497.12093140584216
1375,493.4562462243175
1376,495.43160633223255
1377,501.01802381960283
1378,498.2465189181645
1379,495.85209902939147
1380,493.17144427023317
1381,485.51462507081123
1382,487.3241923258943
1383,478.9025454241085
1384,477.3622703481877
1385,477.3534214755481
1386,469.35916736343415
1387,459.0046945761499
1388,464.1593108497483
1389,467.4879049042346
1390,464.4654261346632
1391,458.2915407334671
1392,439.4475617594886
1393,435.6348153933511
1394,430.3356313322184
1395,426.55281928375575
1396,423.77936750660615
1397,417.89140856050915
1398,420.1028343035524
1399,421.10161160962684
1400,427.3876620284541
1401,418.99714094016844
1402,421.3226486028983
1403,422.7953819210897
1404,430.1413828646017
1405,432.4256820730698
1406,440.2775594493295
1407,439.8149904850331
1408,435.18539949354266
1409,439.0287501142092
1410,439.05039983208286
1411,435.8255074077254
1412,435.2298849902966
1413,432.7096092786314
1414,434.2464282355882
1415,431.1183370405827
1416,439.8937309986372
1417,440.17399258486387
1418,439.2260088268754
1419,444.0549445266996
1420,440.92974500274136
1421,437.6799285606592
1422,431.74001326677507
1423,434.58386832358565
1424,433.5806081437686
1425,428.0819757989583
1426,426.15432212490316
1427,424.500108354419
1428,419.7146228212125
1429,420.2074912338819
1430,421.9594667222806
1431,421.64659311544506
1432,419.281228954092
1433,421.01954304696113
1434,424.7271603206971
1435,426.37849846512887
1436,438.72535916416405
1437,437.45512907764197
1438,431.21741824996883
1439,428.6582751222563
1440,430.47229584555146
1441,435.9181290063373
1442,436.14975542071613
1443,428.8672239082014
1444,428.13916788772605
1445,429.0891943545677
1446,426.75101168119664
1447,425.31979441372084
1448,426.96985406488756
1449,424.64476837608447
1450,423.28507521411836
1451,420.65460341381817
1452,416.57019123518256
1453,411.04058611156063
1454,548.4999372251635
1455,655.6324693102085
1456,650.8518279627671
1457,638.5948004710377
1458,653.6565205022529
1459,646.4547556625612
1460,658.1809053399893
1461,668.0461517963812
1462,707.5424738258039
1463,675.8299129001992
1464,672.2437046163108
1465,667.0580317666644
1466,662.0140881057359
1467,661.9867990254264
1468,653.3337321463873
1469,619.0790183970389
1470,622.1358795545196
1471,576.4421994678135
1472,582.2556958267718
1473,600.1179636902405
1474,586.9290066134197
1475,599.3002740011002
1476,609.4375443663123
1477,566.5380490518336
1478,578.2048960718386
1479,584.6410225220827
1480,582.7507268596444
1481,540.7169674431364
1482,501.1248649325633
1483,523.0760596369671
1484,499.1233702180242
1485,511.937639386356
1486,509.6665495890127
1487,489.3762746524411
1488,464.49000267804394
1489,467.4003834126045
1490,471.888703142479
1491,468.76890752845435
1492,483.38905233571325
1493,474.5132273457787
1494,472.74606749523184
1495,475.6524852337073
1496,470.0425794253242
1497,477.29817159037833
1498,471.7615902766058
1499,466.47679652217954
1500,460.46018192669106
1501,473.1471717592093
1502,491.65102841933935
1503,501.5796133111146
1504,530.895848444769
1505,537.6136553236963
1506,528.4329401858071
1507,517.1218994335352
1508,536.8977212008668
1509,526.9725494745317
1510,532.8279430229973
1511,525.093884609824
1512,543.1649830189568
1513,546.4135781606619
1514,521.1646931231103
1515,523.7671651126817
1516,516.509285661267
1517,522.5687077154798
1518,523.5861137531491
1519,526.8221195889896
1520,530.986726644499
1521,554.5214399562142
1522,542.5216077950688
1523,545.7407955097163
1524,528.7910830361042
1525,522.3484277755803
1526,516.2584887970526
1527,523.4368326239679
1528,526.9244581394438
1529,533.4490013689085
1530,539.5100895921559
1531,535.3908495342259
1532,532.1529740039948
1533,532.8739195171986
1534,525.7635837858365
1535,512.1078452627281
1536,523.1260947395127
1537,519.5587566753292
1538,513.5941101248752
1539,515.5064689591642
1540,502.6900080460495
1541,500.8335540075191
1542,498.6638104184856
1543,503.5511990735406
1544,502.59750522714273
1545,506.50314245542745
1546,501.8547775277732
1547,488.7562463226312
1548,488.46150469228144
1549,480.93777952787104
1550,487.45151266107564
1551,470.5133446252068
1552,465.4596661200523
1553,464.32136919949284
1554,468.2677386711774
1555,469.712320064811
1556,475.22958711167377
1557,467.6816475964059
1558,466.3352040917704
1559,426.3327647166068
1560,440.80069376782615
1561,435.6241431092416
1562,435.2636642075221
1563,440.86185490301654
1564,444.55523142255106
1565,442.65200670973513
1566,443.1340617962257
1567,440.53037549612407
1568,442.7256395594626
1569,444.0045429801583
1570,441.81118152275013
1571,435.5147664472013
1572,436.5450216122135
1573,437.7191845563934
1574,427.57718821684347
1575,412.50169423449
1576,417.28456630315065
1577,426.0086175696114
1578,421.59839975663283
1579,415.82296776119904
1580,404.5061812881271
1581,403.5010552019978
1582,401.1254534743044
1583,408.34867043350357
1584,405.1394411548332
1585,401.5515074622923
1586,399.8732775964017
1587,401.45254940552286
1588,395.75697990416023
1589,398.78546055974846
1590,397.698772210396
1591,392.37708532248985
1592,386.25806566053166
1593,387.5483838697515
1594,383.23144050136995
1595,387.8636353679523
1596,390.18729081704777
1597,388.7887464296088
1598,387.7741256133154
1599,385.19808824726306
1600,382.48891004838146
1601,382.5739545916735
1602,386.3786514844367
1603,382.2212949224298
1604,381.31647542673824
1605,378.6343612138581
1606,376.2885725333755
1607,378.8477331260937
1608,374.59949181988924
1609,369.4841213697672
1610,371.4343886296864
1611,370.18295334321175
1612,374.2912903966372
1613,372.80576538942967
1614,374.4520158345706
1615,370.857795251748
1616,366.81838313817696
1617,354.2449478161225
1618,356.22860103080916
1619,354.0594652210479
1620,344.9904975640097
1621,348.4277554479334
1622,342.25480933679097
1623,333.349819857207
1624,326.5527015774541
1625,324.5952433013957
1626,328.3464806652245
1627,330.9611920071199
1628,324.44132172205246
1629,319.0173223487884
1630,321.3638587709844
1631,325.30001230627994
1632,326.2468119944893
1633,329.6236237660987
1634,327.41819644239484
1635,328.7039846672448
1636,326.1985058812511
1637,325.10721969418444
1638,327.04352091745466
1639,320.17781264806194
1640,326.91609177181743
1641,324.38901662994147
1642,329.2195839307886
1643,325.39346611027173
1644,311.5332664554447
1645,299.8019334710733
1646,302.5242272238655
1647,297.65739250880677
1648,290.3597820112851
1649,282.70424283173196
1650,294.8916510835273
1651,293.27716602460725
1652,292.98926470975437
1653,289.9363973843454
1654,284.9417457597327
1655,282.04192252334576
1656,292.7676893295501
1657,292.7732257847357
1658,295.26230505014615
1659,297.53011323590675
1660,302.849728901757
1661,299.6070202528926
1662,300.5956855345304
1663,303.4137764367355
1664,303.76431795695487
1665,303.65543351234857
1666,303.00698094705103
1667,296.52779436105
1668,296.7606317160802
1669,289.823022638117
1670,298.78233459048744
1671,294.9024478840055
1672,291.36448491613004
1673,301.8983813752286
1674,298.56214556105203
1675,295.3601585657841
1676,295.8259647380599
1677,296.85633128565837
1678,292.98549180366956
1679,293.4901045074944
1680,298.8678792405253
1681,292.9614215313974
1682,287.6794753917905
1683,287.184522553333
1684,289.5289177705241
1685,287.1546845749371
1686,292.4739426202119
1687,293.4788816933738
1688,291.464442212292
1689,290.3672499600467
1690,293.2629834327212
1691,299.81232345000296
1692,289.29824836544776
1693,284.4007254008336
1694,285.9874991776649
1695,283.4212628499401
1696,280.3957764188898
1697,284.47062113128237
1698,283.66871613478025
1699,283.0628653776169
1700,282.26470607920913
1701,283.09157230919755
1702,283.8368752122952
1703,280.80627238310456
1704,282.6648188327426
1705,279.2247232269985
1706,278.24572213170126
1707,275.39865639143176
1708,274.58140261243057
1709,272.28320885684644
1710,272.3461525206038
1711,270.6654376931461
1712,276.70171329093273
1713,273.8096231279363
1714,274.2035227921967
1715,272.00211009872686
1716,267.8209331155584
1717,268.59541549247535
1718,263.8753315953797
1719,261.85684497846165
1720,259.8825743079591
1721,261.4050056003637
1722,258.5852389379779
1723,255.92361247754758
1724,257.6631602156138
1725,260.720615889646
1726,258.3983656887601
1727,258.2486578356284
1728,257.32971186428904
1729,259.04403845087927
1730,257.4687679408478
1731,257.93663430803383
1732,259.2369121686033
1733,257.52260385461915
1734,257.33337146093186
1735,259.3459971010858
1736,259.40401782582694
1737,257.9146486847149
1738,258.0091127563555
1739,257.7440414784506
1740,259.51624255719946
1741,260.56693504238166
1742,263.35670975316054
1743,264.0737118516457
1744,260.0711223005024
1745,260.5420287737253
1746,260.12714897894205
1747,259.2547150106744
1748,259.40476184894493
1749,261.5540560813961
1750,258.2986321051151
1751,260.01992595669833
1752,258.3486731084253
1753,260.6529271096636
1754,260.34040445899933
1755,261.2767239888305
1756,257.74293101203733
1757,256.36405898046456
1758,253.02449786494316
1759,254.54876094967642
1760,254.520663968924
1761,253.77198467107655
1762,254.2565481050138
1763,253.9530901445007
1764,255.59154848031122
1765,253.41476059534818
1766,254.265352100879
1767,254.0279665888103
1768,254.19603822314497
1769,252.37258152947356
1770,252.00272355858135
1771,252.77544411770572
1772,253.6781654244768
1773,250.92942656118004
1774,249.35932661129766
1775,247.9277957206037
1776,245.0709400257695
1777,244.28232841289218
1778,245.91395593438088
1779,245.22402611270476
1780,245.459644814872
1781,243.55315569559272
1782,242.86913222928314
1783,241.1046540391355
1784,238.13529136842158
1785,236.35272093900264
1786,230.0777802040091
1787,229.9106516457922
1788,226.5938799358638
1789,228.83037231019293
1790,227.79085133801124
1791,227.17412924232352
1792,227.46081795874002
1793,227.32757114102316
1794,224.27462457497865
1795,225.04292088279013
1796,224.08182250230607
1797,223.15555579751734
1798,224.3325291246898
1799,227.09196085297663
1800,226.16253967912684
1801,225.48900094656383
1802,225.92223706388248
1803,225.02950774352226
1804,223.41621143199984
1805,223.91106450455354
1806,225.78109719133337
1807,227.267677988235
1808,226.2518734540282
1809,224.46092470210178
1810,224.8200383968614
1811,222.82024569994505
1812,222.28199133465137
1813,221.9303007475613
1814,223.27433622059587
1815,221.41303449755512
1816,222.04489011451145
1817,223.04098478091743
1818,221.83071951356175
1819,219.22070556021305
1820,219.14793295226443
1821,218.83142925054315
1822,217.6356727747787
1823,216.14110384995115
1824,213.4733978959646
1825,213.52907989103127
1826,212.07915195069182
1827,211.535083588754
1828,212.49086810657576
1829,209.5835197067198
1830,211.58247712770876
1831,211.6659729522977
1832,209.90493171947983
1833,209.09959389795668
1834,207.76360612022688
1835,206.93453581449415
1836,202.27365776629762
1837,204.69512987542086
1838,201.84767376466868
1839,202.05985888299983
1840,200.57334258531785
1841,201.95365339323928
1842,202.83222069970196
1843,201.9032416101168
1844,201.15132305082935
1845,202.5162781960102
1846,202.86311424830848
1847,203.90021302118268
1848,201.937699091823
1849,202.71225107706564
1850,204.19989346818795
1851,202.73266799047056
1852,203.07010093142782
1853,202.2935583517273
1854,201.519308920934
1855,202.45100156624585
1856,202.64138929914947
1857,202.9150493968568
1858,204.2593294155115
1859,202.38628477131837
1860,206.76068347880098
1861,207.63791665881323
1862,207.33484567917415
1863,204.68491665611012
1864,202.6303905058094
1865,204.81368301704245
1866,203.0710080523656
1867,201.833452081798
1868,202.8962401784519
1869,203.81592346432805
1870,204.8964470390394
1871,201.3519071948886
1872,200.31817879566128
1873,200.73943508159297
1874,199.73678712511526
1875,198.90102769676636
1876,198.34006964632943
1877,198.67721542045877
1878,198.1444742868642
1879,199.04740119279253
1880,198.05531249156314
1881,195.09869584544637
1882,195.78472943834493
1883,196.8162532436567
1884,197.89645757053327
1885,201.61880634185584
1886,193.6635073495066
1887,190.2934673030123
1888,190.7902059077577
1889,190.14354905810944
1890,190.39882080478182
1891,190.5202082863643
1892,189.40105551454295
1893,188.28561579656048
1894,188.56579900310092
1895,189.4469430303092
1896,189.90528668678073
1897,188.6641857186089
1898,186.88016895523273
1899,187.2346290502487
1900,186.67870247335588
1901,185.94296885519344
1902,184.56329121622383
1903,183.4721195685266
1904,182.925162328627
1905,181.1464957423741
1906,181.37409327614554
1907,181.13946788753702
1908,181.18596423185136
1909,180.9257178295855
1910,179.01250387880765
1911,180.22848408258494
1912,180.78021515478338
1913,180.11544060193444
1914,179.3012072116553
1915,179.5975142400884
1916,178.61020906287624
1917,177.19975047928654
1918,176.47005996538613
1919,176.966656326115
1920,175.81510031900055
1921,175.91151116698558
1922,176.10616066284393
1923,176.34889305833096
1924,175.72431427318264
1925,175.64455487423672
1926,175.1702728864117
1927,175.31179674593048
1928,174.88774251199968
1929,174.88094971309167
1930,173.8715549667022
1931,173.01182779433995
1932,172.47125938666525
1933,170.3046594350536
1934,170.54604060200114
1935,169.9873726458567
1936,170.39608405709876
1937,170.36872868859786
1938,170.12435857963817
1939,168.89623667901827
1940,168.51070671761332
1941,167.79136885951334
1942,167.33666629818015
1943,167.35930777937207
1944,168.09405714106683
1945,168.35090550195872
1946,168.51138596112767
1947,168.03281158960775
1948,167.8147780096416
1949,167.8792528292323
1950,167.332354332896
1951,166.7869714910858
1952,166.00925164578507
1953,165.74741354778055
1954,165.7188736962153
1955,164.8994583598931
1956,165.21938102173988
1957,163.8704159978812
1958,163.79700281553278
1959,163.2620361203109
1960,162.0841753120169
1961,159.44045059127282
1962,160.26780900039495
1963,160.176191421442
1964,160.56373071659837
1965,160.3794702859673
1966,161.6051145544282
1967,161.66785390297048
1968,159.96314905565683
1969,160.09543817226103
1970,162.25674225130797
1971,162.9454533891891
1972,162.28271300987325
1973,163.05701638511303
1974,161.63455520514322
1975,162.47276508799266
1976,162.68290320841461
1977,163.13623406256528
1978,162.4549349303346
1979,161.9086376554534
1980,161.85031066692264
1981,161.3281734058635
1982,161.40208137053392
1983,160.06843381030342
1984,161.3496704344053
1985,161.39927236320887
1986,160.88001379947738
1987,160.34038312737854
1988,160.10690097330536
1989,158.50559911443565
1990,158.64387228491836
1991,159.55961536475368
1992,158.2692812180785
1993,157.32815540844473
1994,155.4441648580601
1995,155.73422534667623
1996,158.76349879310607
1997,157.20660053845987
1998,156.7217166543217
1999,159.21816221715002
2000,159.813347017264
2001,160.82953272844202
2002,160.2118161319991
2003,158.22337618431766
2004,158.792193444932
2005,159.96802710934202
2006,158.80865990548992
2007,157.56949734182086
2008,157.19179808258113
2009,156.33510368198668
2010,155.9809449172108
2011,155.0249335205015
2012,154.65282083442145
2013,153.99180684605957
2014,153.84922881258743
2015,154.48998139449623
2016,155.08640957268332
2017,152.41511762111045
2018,152.08994802679737
2019,152.93116564407617
2020,153.09488463304314
2021,153.42029100448468
2022,156.12220891030913
2023,155.60724285348036
2024,154.97222844130042
2025,155.69298303644624
2026,154.9985920492092
2027,154.62837174119556
2028,150.1815929967769
2029,148.61850357944073
2030,148.10135374391484
2031,147.40598723952928
2032,145.47741660859333
2033,144.25197219720022
2034,144.34068841291017
2035,144.96324706814244
2036,144.10022732157069
2037,142.9836234801013
2038,143.46562677877534
2039,144.3773993282182
2040,144.3044906867619
2041,145.03366880815517
2042,144.99764863678823
2043,144.31796051836704
2044,142.99846380285018
2045,143.46975744343683
2046,142.98920908247752
2047,142.80005615599694
2048,142.4374074564188
2049,141.61341550674032
2050,140.7152656122414
2051,140.31888170329285
2052,139.46406415927885
2053,141.55438656728018
2054,139.8794887759255
2055,139.39054599104992
2056,138.6561110195864
2057,139.38346884456962
2058,138.93460147914277
2059,139.1099365489832
2060,139.830375036283
2061,139.15600529733885
2062,138.50253766517147
2063,138.46912505853524
2064,138.34184361703745
2065,137.2445912838123
2066,136.24424867792519
2067,133.31525191207734
2068,131.36154225418528
2069,130.59934973173532
2070,129.5442116245148
2071,129.3221124041361
2072,128.62216578702746
2073,128.10806299037668
2074,129.0061051377068
2075,127.70609630868398
2076,127.57853632935766
2077,127.43276613743942
2078,127.03264018078526
2079,125.63606127186459
2080,126.21755605579177
2081,126.21815315008715
2082,125.49709940663594
2083,125.6420670898536
2084,126.0912158346466
2085,126.824798026261
2086,126.3030020984677
2087,126.44320315240456
2088,125.4600919511943
2089,123.57373633785961
2090,124.53318869353775
2091,123.54055994697832
2092,122.78113075109542
2093,121.49516078929439
2094,120.28424492296396
2095,120.34241312710763
2096,119.08507631494811
2097,117.35990657434452
2098,116.46180359089941
2099,116.94344754810986
2100,117.82268897571517
2101,116.35488268084355
2102,116.29550270901366
2103,115.09497176318094
2104,115.20994016159126
2105,115.11737689341395
2106,115.69487034271734
2107,114.31461947351112
2108,114.34282395635995
2109,114.11425265127117
2110,114.75549809426877
2111,114.42402867902076
2112,114.95931352280353
2113,115.44116831230272
2114,114.70309009400695
2115,114.99697239799768
2116,114.56497940241914
2117,114.67214737821615
2118,114.27516208607382
2119,115.00102189497811
2120,114.18633506769595
2121,112.80749020925575
2122,112.46549521796022
2123,112.10780817962147
2124,110.7068538515673
2125,110.88256435879066
2126,110.56185514311993
2127,108.64379753814815
2128,109.36388235081414
2129,110.54014403355364
2130,109.3528988576537
2131,108.85644062745187
2132,108.21472102430899
2133,107.94956120798668
2134,107.42507728431491
2135,105.41052403824985
2136,106.65619707260367
2137,106.08769687108972
2138,104.74740501525706
2139,105.22968053856218
2140,105.56513152759415
2141,104.68122476050289
2142,103.24081586603587
2143,102.14084470779635
2144,101.01300845258041
2145,102.19379892401643
2146,102.17985164784282
2147,103.06785056565671
2148,101.51897435623529
2149,103.46029269742836
2150,103.34788594316343
2151,103.28262598592192
2152,102.62166975528967
2153,103.40190492769918
2154,102.30545612198351
2155,102.25673168900583
2156,102.22334051973093
2157,102.1896742303487
2158,102.48092283929532
2159,102.3996972774704
2160,101.82484030573637
2161,103.12975756055239
2162,102.64709000785253
2163,102.71785689643966
2164,102.2677178732786
2165,102.9031232239197
2166,101.9811743346108
2167,103.54153518949867
2168,103.50151807432515
2169,102.44632720104921
2170,101.8031214121971
2171,101.67505476353399
2172,102.22467623801747
2173,102.57633915250344
2174,103.72104234888921
2175,102.92998009058019
2176,101.99229243220425
2177,101.07284984075967
2178,100.91543831358017
2179,101.05521141771715
2180,100.77911065863702
2181,100.59244187298331
2182,99.91906657276806
2183,99.23325186890523
2184,98.82908255234865
2185,98.08870507576364
2186,98.5368488373549
2187,98.58828048967924
2188,96.8745751178747
2189,96.56449240675752
2190,97.57701103072792
2191,97.57039837990403
2192,98.61949132100726
2193,98.0180930985607
2194,97.50515870001477
2195,98.50379552700579
2196,97.86199396096887
2197,98.32521120216393
2198,98.94342000358455
2199,98.40326065791216
2200,97.33809795810411
2201,97.41348061307005
2202,97.8001350784048
2203,96.2743679331347
2204,94.99440885818406
2205,90.19537491944322
2206,90.02914141832588
2207,91.32326116186285
2208,91.60306465561696
2209,91.72757308789686
2210,90.95810344885051
2211,91.34728578001979
2212,90.40022798331589
2213,89.67853373336206
2214,89.90073250436541
2215,90.16313253080106
2216,89.33484308346027
2217,88.11044146841633
2218,88.3188410469261
2219,85.20924077085941
2220,86.10582639591851
2221,83.91333742947015
2222,85.59843359341488
2223,85.22337360034685
2224,85.71791277718177
2225,86.49452204691357
2226,86.25404346830051
2227,87.13370037053143
2228,87.61912017857914
2229,87.20215185077708
2230,87.2557616003654
2231,86.62639488220107
2232,85.9858417856899
2233,86.56028029062001
2234,86.67985897983209
2235,85.98890037295322
2236,86.8503099917601
2237,86.13463634638407
2238,87.47982575152915
2239,86.85723586918594
2240,86.80188485782051
2241,84.0839464864079
2242,83.26139486676404
2243,83.83955720201448
2244,84.44114948617401
2245,85.11806767835006
2246,85.28552684650703
2247,85.1539182286507
2248,86.01834714308146
2249,85.02032980440042
2250,85.12088545363936
2251,85.14356490108337
2252,85.07600324450316
2253,84.79069676842454
2254,84.3784030041308
2255,84.71986070268956
2256,84.30867827252501
2257,84.05122900838822
2258,83.36345668975737
2259,83.01969097074124
2260,82.89161348746443
2261,82.54949840966134
2262,82.57311991523846
2263,82.59631711415811
2264,82.9071812243851
2265,82.61644380179753
2266,82.476244746716
2267,81.82579863081942
2268,80.65574064608681
2269,80.7177267634978
2270,80.17271132208094
2271,80.16066301454788
2272,80.1483425059137
2273,80.22186549453131
2274,79.39851761073943
2275,79.4481000512829
2276,79.16699877846102
2277,79.82641244411998
2278,79.7399171152167
2279,79.38603278807393
2280,78.92406595408052
2281,78.40309525493994
2282,78.13762483207014
2283,78.00554444423682
2284,77.95791967782709
2285,76.93734732752105
2286,76.5318395263522
2287,76.5104369329637
2288,76.38136920886228
2289,76.02613711744664
2290,75.90983278325075
2291,74.93927509535871
2292,73.42750961259655
2293,74.58086996963853
2294,73.99533654052308
2295,73.29412339640675
2296,71.54978082594928
2297,68.78029753815811
2298,68.95875453935808
2299,66.89396733500529
2300,67.48286069204121
2301,66.277839388626
2302,66.59808228841116
2303,66.1753198444462
2304,67.09519158098524
2305,66.03794482869618
2306,64.14399053325158
2307,63.79740052611684
2308,62.88991075331945
2309,59.07824262518974
2310,59.45138456024395
2311,62.21707870106962
2312,61.99029987768832
2313,62.581796470123194
2314,61.459382956640425
2315,62.23005054894077
2316,64.14875030324762
2317,65.25969641024294
2318,64.53337660463703
2319,63.080382019402464
2320,65.1938533267007
2321,64.42652956752612
2322,64.35350653850686
2323,65.50490882626355
2324,65.26287876243485
2325,65.5869593995299
2326,64.88051228210541
2327,64.24287999508786
2328,65.93276127083885
2329,65.6909818019325
2330,65.10964940898533
2331,65.58196862458581
2332,64.5325684315532
2333,63.63984603360985
2334,63.70862301064718
2335,63.233533936905715
2336,63.24811527034955
2337,63.64120230675477
2338,65.4258840683728
2339,64.89623383048425
2340,65.87463751232669
2341,63.982077993311734
2342,63.5005634767214
2343,61.39520519857455
2344,61.251130607286655
2345,60.91566053430949
2346,59.55016130479204
2347,59.844868069073755
2348,59.68288736186479
2349,59.19375239927253
2350,58.87506117182576
2351,58.55740753361255
2352,58.30380839913988
2353,58.03002455430128
2354,57.37003243914945
2355,58.40379767863499
2356,58.94348110321514
2357,58.89844424086094
2358,59.74585555896728
2359,59.57463757356099
2360,58.88704037426531
2361,58.893115228330835
2362,57.55025719226324
2363,57.712629395248534
2364,58.4175895948462
2365,57.891468877948604
2366,58.22512207606554
2367,59.06684628670771
2368,64.7877008988413
2369,63.612532630587076
2370,64.07301106427981
2371,64.77406956225961
2372,64.9069588542648
2373,64.33408216423734
2374,63.47175887275413
2375,62.57250263204682
2376,62.207160807688226
2377,61.92295595118478
2378,61.290659898657516
2379,61.347255945272714
2380,61.94958587276894
2381,61.92486014251471
2382,61.32628818053088
2383,61.34189882675258
2384,61.69216424769696
2385,61.421359557042834
2386,60.92570392379079
2387,60.76474197220494
2388,59.82231677383211
2389,59.761254490256114
2390,57.432115436743516
2391,57.59903778213827
2392,57.50328806199754
2393,57.79473086870044
2394,57.814392369084445
2395,58.39271068230457
2396,57.9585868124936
2397,58.25547855774261
2398,58.378517641639164
2399,58.01324542176116
2400,59.27124000941677
2401,58.91469837822714
2402,59.262589681672914
2403,59.35277846708458
2404,59.52755797404278
2405,59.45579450712321
2406,59.15781909695651
2407,58.93606696896697
2408,59.38164700645133
2409,59.31916979531323
2410,58.284057142042556
2411,58.186214689001694
2412,58.33072130122552
2413,57.52618386388742
2414,57.65241250563067
2415,57.59272101246516
2416,58.28154020579711
2417,57.833032667961184
2418,57.79105533910002
2419,57.84086937882588
2420,57.56940473563413
2421,57.28049672066063
2422,56.96512224487148
2423,56.67811645543112
2424,56.473876680539234
2425,56.03425505090378
2426,56.32983909528339
2427,56.62401748171435
2428,56.73636416970985
2429,57.01009824477906
2430,56.85120759861327
2431,56.54924390553765
2432,56.72258929062145
2433,56.64492768905337
2434,56.77236867458565
2435,56.774529233584566
2436,58.05492331772789
2437,58.49708362360544
2438,58.36246235878768
2439,57.76923928546993
2440,57.142924784904544
2441,57.670356807870014
2442,57.43226153588
2443,57.62387126278438
2444,57.37762216248893
2445,57.80355187403171
2446,57.392122035668315
2447,57.364244911063544
2448,56.564832479043716
2449,56.40850795432501
2450,56.20078442393457
2451,55.52841623887701
2452,55.41741493481549
2453,55.36670479290486
2454,55.119000025287264
2455,55.34215211450167
2456,56.809566671065504
2457,56.10861331125956
2458,55.367755870643684
2459,55.13837094529058
2460,54.12271923573227
2461,54.37766499011124
2462,54.29424853727005
2463,54.62310290094375
2464,55.244233197623785
2465,55.024889566757736
2466,53.64402635765657
2467,53.203021425595
2468,53.18827199769175
2469,52.599914350245456
2470,52.94266053662108
2471,53.16793784430086
2472,52.77251331344887
2473,53.39255297123596
2474,52.94846507014236
2475,53.45850245313461
2476,52.90089541366317
2477,52.27987243682265
2478,52.379430072618625
2479,52.33174760080845
2480,51.934456345239745
2481,52.58521818058287
2482,52.60966083017605
2483,52.72269041511215
2484,51.85916992295098
2485,52.51211577875617
2486,50.88087836782612
2487,50.78718441137079
2488,51.21371980601697
2489,51.047464381774326
2490,51.00917200430808
2491,50.5016012577947
2492,50.480019656969944
2493,50.165236517072316
2494,50.223064392471514
2495,50.256791792948796
2496,50.31380516463556
2497,50.10321453631903
2498,50.55202528617176
2499,50.404011528436726
2500,50.12359943114356
2501,49.83631155698072
2502,50.219040514860154
2503,50.087595393287444
2504,50.010716672187456
2505,49.37714726037171
2506,49.19354604452164
2507,48.99507672051618
2508,48.981692784472834
2509,48.1933295334131
2510,47.72183147482065
2511,47.49653830859853
2512,47.21094925712115
2513,47.12418506456012
2514,46.976816847244905
2515,46.8071092038024
2516,46.68328200834691
2517,46.10677341003531
2518,45.89405026415602
2519,45.74215070018964
2520,46.14601824011834
2521,45.98636562479914
2522,45.715046936410616
2523,45.4819278308689
2524,45.078327417246584
2525,45.18139397647183
2526,44.74998287985927
2527,45.03794057391975
2528,44.46785482888923
2529,44.70327423279826
2530,44.650692199962705
2531,44.31183269758073
2532,44.14266093401426
2533,44.71980601168475
2534,44.506356673909686
2535,44.431953932885726
2536,43.31832181012365
2537,43.93533211956146
2538,44.527985084681454
2539,44.22223340362952
2540,44.357350366690156
2541,44.290267481055835
2542,43.84265949601709
2543,43.84102296910899
2544,44.02518934504046
2545,43.794413916018875
2546,43.685496330579916
2547,43.66926845104622
2548,43.91547289282652
2549,44.03305068558904
2550,43.77541126654251
2551,43.441040052859556
2552,43.396436388381126
2553,43.23943600058569
2554,43.39137599962291
2555,43.51454762610096
2556,43.31583331204274
2557,42.76928523733731
2558,43.0802333008799
2559,43.50776857477523
2560,43.47621555821543
2561,43.05054369325043
2562,42.722995854259835
2563,42.85794190123475
2564,42.66918660784036
2565,42.29583752678438
2566,42.21128814756834
2567,41.87415999790839
2568,41.89953140799968
2569,41.74093312582608
2570,41.63033245087397
2571,41.63520874731299
2572,41.592558070461706
2573,41.49591555027825
2574,41.406229209040035
2575,41.43101880928481
2576,41.28781628092224
2577,41.00441120850602
2578,41.17637102747589
2579,41.16074894485232
2580,41.131713544338545
2581,41.00299506146459
2582,40.848110694648135
2583,41.011239295223916
2584,41.33861643173276
2585,41.31528477400343
2586,41.25900026967304
2587,41.222464819924994
2588,41.33000885550904
2589,41.025137986237084
2590,40.9366049736538
2591,40.93941207004917
2592,40.95503977259528
2593,41.035288570698505
2594,40.9079567511589
2595,40.82618174561333
2596,40.693002962351244
2597,40.470131201102646
2598,40.485533820392995
2599,40.43023254576353
2600,40.208733101199336
2601,40.05815674794743
2602,39.94623559815822
2603,39.879095567799915
2604,39.81840787924846
2605,39.510899906631266
2606,39.3181899271044
2607,39.09456464176904
2608,39.33106311194571
2609,39.296403049939734
2610,39.33067058734604
2611,39.3521334815797
2612,39.323410984256626
2613,39.26972477700609
2614,39.06064936053704
2615,39.05703238917491
2616,39.28241605821478
2617,39.11118069334371
2618,38.934304655670864
2619,38.881098855810365
2620,38.748082572153145
2621,38.456026791300665
2622,38.25065156474794
2623,38.0154092927341
2624,37.847996208860195
2625,37.31615040665561
2626,37.33261056972374
2627,37.32462297542139
2628,37.20768836664365
2629,37.18761630611001
2630,36.83024660797888
2631,36.99701943255047
2632,36.94105608582698
2633,36.879182731861825
2634,37.00260135613175
2635,37.03594917100444
2636,36.94406406023333
2637,36.733634538900056
2638,36.755025093669424
2639,37.48000544133183
2640,37.71202062725178
2641,37.50703561989044
2642,37.44381720208354
2643,37.59192520688625
2644,37.66902434447359
2645,37.576192304324856
2646,37.51274190570506
2647,37.64147305585948
2648,37.641743594852464
2649,37.39837607737969
2650,36.96490268905392
2651,37.018041029775674
2652,36.851840332400094
2653,37.031221139878575
2654,36.492289244267326
2655,35.74342384811962
2656,35.506189537185115
2657,35.321107970485116
2658,35.518111082202864
2659,35.39596834650425
2660,35.194776764595936
2661,35.141401662565634
2662,35.257552467709516
2663,35.096878265644534
2664,35.42053110172222
2665,35.02969141442998
2666,34.96527047002171
2667,34.794715159079956
2668,34.953982699861164
2669,34.88410968844414
2670,35.17569432586679
2671,35.31064027949877
2672,35.36739464722662
2673,35.35194991415795
2674,35.319882330575254
2675,35.26028468607303
2676,35.68411527271347
2677,36.12803616268021
2678,35.90811373957193
2679,35.71622383226555
2680,35.8191827210062
2681,35.78020650286503
2682,35.63813280254136
2683,35.46940411976967
2684,36.38764807714909
2685,36.3095147971086
2686,36.57609813271969
2687,36.454627075017356
2688,36.34421967270465
2689,36.93513712311149
2690,37.05356790110237
2691,37.29929745408457
2692,36.86302108862872
2693,36.91674085115038
2694,37.139637538996894
2695,37.24517050251806
2696,37.21820980541438
2697,37.033216527353176
2698,36.864581699714186
2699,37.168554647098986
2700,36.68593522186945
2701,36.44541921527252
2702,36.41427647916746
2703,36.64328933644038
2704,36.6583226543681
2705,36.517666898197156
2706,36.113635048111895
2707,36.170495180291695
2708,35.91787971926532
2709,36.06716155222478
2710,35.80007934685085
2711,35.528799912338364
2712,35.45266717860946
2713,34.99416336372555
2714,34.639155992137255
2715,34.686754050880474
2716,34.7897925168503
2717,34.608932441825466
2718,34.262017284525854
2719,33.93146952662071
2720,34.351502264224365
2721,34.67435059826604
2722,34.43972588716173
2723,34.73083773664175
2724,34.77117774715578
2725,35.45854401342776
2726,36.08338949161973
2727,36.30883151710593
2728,35.780884090647106
2729,35.971164159440306
2730,35.8943279399123
2731,35.45357460998011
2732,35.27467911970315
2733,35.01795146830135
2734,35.30496155345084
2735,35.11236731023517
2736,34.83759449881114
2737,34.242934705584744
2738,34.5189447910073
2739,34.34826204302253
2740,34.48738430394641
2741,34.72226383124623
2742,34.7587377464821
2743,34.69886158055206
2744,34.56238712494197
2745,34.10100144194571
2746,34.433893867976465
2747,34.050571607599046
2748,33.74473160343183
2749,34.341709174682315
2750,34.07886503667953
2751,34.27545320167501
2752,33.79650994244559
2753,33.77603188981194
2754,33.689718779871804
2755,33.43011120576679
2756,33.124607529599615
2757,33.38066171455077
2758,33.25799880532733
2759,33.53575883920713
2760,33.686924475028235
2761,33.51301727342175
2762,33.3489189147859
2763,32.96844503860965
2764,33.10518834670129
2765,33.38374199209102
2766,33.294071771862704
2767,33.081019190024186
2768,32.80472071277646
2769,32.70722569048213
2770,32.19587981601318
2771,32.136061809893796
2772,31.95397736679869
2773,32.00771025051297
2774,32.04304311675411
2775,31.86635527152948
2776,31.825136156754485
2777,31.617922263588653
2778,31.67115611092095
2779,31.420129193026323
2780,31.419767365433305
2781,31.530571035076324
2782,31.409786512027505
2783,31.706136519405515
2784,30.85069144187561
2785,30.948000363605935
2786,31.0271678922073
2787,30.64405714685752
2788,30.495006366224455
2789,30.64432959626402
2790,30.600560114113822
2791,30.556843167581558
2792,30.46527734206406
2793,30.39133935503607
2794,30.222155110466495
2795,30.179055454675304
2796,30.25696608861749
2797,30.140435258726974
2798,29.946800789496162
2799,29.83540793276155
2800,29.93861657006268
2801,30.11827844808854
2802,30.557474796336486
2803,30.35155491410219
2804,30.34614973028866
2805,30.153959320675444
2806,29.776103658610623
2807,29.581352188819594
2808,28.847425487147422
2809,29.278006866653794
2810,29.702550892148835
2811,29.827633097453443
2812,29.84750058166309
2813,29.97573178267655
2814,30.2158434946241
2815,30.04731328363413
2816,29.8419817556392
2817,29.869313570175922
2818,29.863345605936793
2819,29.452969078993004
2820,29.031761714373538
2821,28.86688891497847
2822,28.296565071581245
2823,28.194979947768655
2824,28.547075407165053
2825,28.49000980342613
2826,28.750382432558325
2827,28.3477997083634
2828,28.392432701865065
2829,28.432730064985584
2830,28.476788689120262
2831,28.500418757432445
2832,28.306776383833878
2833,28.0897242753726
2834,28.165693440145958
2835,27.881638229978197
2836,27.93356969909302
2837,28.36723239914198
2838,28.274780687558955
2839,28.26978874107023
2840,28.209321561611073
2841,28.02659628051031
2842,28.14393428246218
2843,27.914657942887594
2844,27.799991511637945
2845,28.022490160386397
2846,27.692866895892067
2847,27.820848716108102
2848,27.718518235756477
2849,27.6980763307611
2850,27.46434280922345
2851,27.262391075404818
2852,27.037964908881648
2853,26.752658345121684
2854,26.764571807639058
2855,26.772491836019782
2856,26.661505227309807
2857,26.719092346886413
2858,26.81450193943755
2859,26.741858267386604
2860,26.536373942708902
2861,26.46436230028136
2862,26.297894925925096
2863,26.25665924371366
2864,26.283350256104125
2865,26.29854109372641
2866,26.27976824008302
2867,25.751262013538557
2868,24.914316618948078
2869,25.2340650359077
2870,25.202249079353507
2871,25.226228600246376
2872,25.339063751035436
2873,25.203239861097664
2874,25.234163740192987
2875,25.23535686378558
2876,25.144421174184306
2877,25.013338933660467
2878,24.98900085569162
2879,25.089062655416868
2880,25.166715049629662
2881,25.061742523071672
2882,25.051651091929962
2883,24.96527555213849
2884,25.09649362119716
2885,24.959560167871775
2886,24.95296206620471
2887,25.169539741800204
2888,25.158755371792026
2889,25.334406909283558
2890,25.301659638415128
2891,25.15463527707725
2892,24.76568127187833
2893,25.12176614082149
2894,24.908215171802368
2895,25.017886096464427
2896,24.907754395866284
2897,24.925023472821533
2898,24.839974337375004
2899,24.811411389107377
2900,24.961788351179376
2901,24.85586862090623
2902,24.634960031512595
2903,24.781005530210873
2904,24.62357700866923
2905,24.987689910442224
2906,24.740151090101115
2907,24.58344996812101
2908,24.503234084386676
2909,24.51972073862482
2910,24.102751134124507
2911,24.1712561907319
2912,24.133213131950626
2913,24.125989807118252
2914,24.07435053921875
2915,24.281570526836436
2916,24.04615326834819
2917,24.225281799759827
2918,23.882428470240335
2919,23.915746373423868
2920,23.672438097342393
2921,23.51410609229172
2922,23.191807787013587
2923,23.31632429079883
2924,23.1894630316835
2925,23.159793024928206
2926,23.250046074254307
2927,23.100530892917273
2928,23.007912508490637
2929,23.10758354179288
2930,23.061391482292837
2931,23.13069795149698
2932,23.03838948877118
2933,22.893811241334756
2934,22.91687580211476
2935,22.988822166875163
2936,22.864519642798875
2937,22.636367215290225
2938,22.62688313453968
2939,22.799064077877592
2940,23.01904327161547
2941,23.23158789127494
2942,23.27868847163027
2943,23.100171786523827
2944,22.973678229914917
2945,22.69049279487659
2946,22.82112466474895
2947,22.60306030065329
2948,22.49413596145896
2949,22.43008616254675
2950,22.2043126347211
2951,22.134582481139542
2952,22.362235958669483
2953,22.260738202263685
2954,21.97691451275166
2955,21.870128433213697
2956,22.080460802872384
2957,21.945547340010098
2958,21.826704538533807
2959,21.571072246125645
2960,21.45016604012613
2961,21.472496475055905
2962,21.383087980731112
2963,21.3125079576126
2964,21.14643942033968
2965,21.276672926666276
2966,21.227992271744597
2967,21.007604968360475
2968,20.968672780161338
2969,20.868694433112843
2970,20.912371877146988
2971,20.952747619519222
2972,20.904787869858417
2973,20.550751463148448
2974,20.458237497448533
2975,20.513963031620165
2976,20.225857833120095
2977,20.341809264922563
2978,20.19910001487276
2979,20.389364152884124
2980,20.608680546690124
2981,20.49588245817885
2982,20.422159511840643
2983,20.321906148246697
2984,20.23086859071444
2985,19.873749321570912
2986,19.600680264951478
2987,19.629297550553524
2988,19.525336961553613
2989,19.377673401474354
2990,19.28326473367593
2991,19.352916020680503
2992,19.42221178589447
2993,19.514454012979854
2994,19.289410521550874
2995,19.111604328146733
2996,19.18341680801972
2997,19.292427824746063
2998,19.095263725597512
2999,19.028313839327577
3000,18.92421811027142
3001,18.900720354679873
3002,18.925871486502093
3003,18.936572021483375
3004,18.74771042005153
3005,18.849565274824457
3006,18.774993380486645
3007,18.703476445317506
3008,18.654782267256493
3009,18.39464562761897
3010,18.24245181060277
3011,18.349272995516877
3012,18.110708450075286
3013,18.217220697736824
3014,18.214317477199952
3015,18.01346416844018
3016,18.144351016404237
3017,18.430100592589046
3018,18.398799794187546
3019,18.30395668247269
3020,18.223216336936172
3021,18.52827233823081
3022,18.65888671386465
3023,18.810848100775
3024,18.707547069435826
3025,18.519893397570915
3026,18.488325109613168
3027,18.484019418353565
3028,18.303143070842708
3029,18.334309372294552
3030,18.457239558839927
3031,18.471631128873046
3032,18.49127930815775
3033,18.379035400094782
3034,18.323513369248904
3035,18.102114561769035
3036,17.98575419614426
3037,17.840448247412
3038,17.70896036450204
3039,17.69481199118551
3040,17.48181170528866
3041,17.61355536206899
3042,17.40934869870619
3043,17.435159361278608
3044,17.518658018147278
3045,17.58862929250459
3046,17.590143040652986
3047,17.693537896206884
3048,17.731222402603468
3049,18.13843251643878
3050,18.26328989304973
3051,18.1671321775409
3052,18.094580330835562
3053,18.241808929723117
3054,18.249168368231143
3055,18.32846324501251
3056,18.45358558925975
3057,18.526884427737734
3058,18.392668788939698
3059,18.38652904399284
3060,18.324302725609307
3061,18.36647670436883
3062,18.558091334124587
3063,18.55897250731161
3064,18.49660453583802
3065,18.545371273370147
3066,18.63413738919573
3067,19.09672306216391
3068,18.928199569915922
3069,18.992931936885604
3070,19.207132014265728
3071,19.019234264344103
3072,19.19010018704813
3073,19.07976814708309
3074,18.71469027443408
3075,18.74896318568622
3076,18.770689758600863
3077,19.00644636565262
3078,19.511461287391036
3079,19.367015779730515
3080,19.127627439389755
3081,19.44841645580325
3082,19.358352292393437
3083,19.268570489617332
3084,19.29317360799856
3085,18.939632494309226
3086,18.899354134903092
3087,18.707129500390803
3088,19.02135690472229
3089,18.841523050263685
3090,18.74149115465574
3091,18.72317861168869
3092,18.618854030019065
3093,18.44810849955994
3094,18.499277200494156
3095,18.36492717071637
3096,18.423020883326174
3097,18.549405323663905
3098,18.429701831462353
3099,18.388148967951494
3100,18.45954787926329
3101,18.65964729037761
3102,18.746464408555127
3103,18.5640861170176
3104,18.699580847489393
3105,18.485285426002864
3106,18.327528236078816
3107,18.571433765008305
3108,18.73561844816241
3109,18.679691780208593
3110,18.469501981182894
3111,18.724687491610677
3112,18.808915680841995
3113,18.681973071664547
3114,18.57832563625979
3115,18.634737734380572
3116,18.738670215237185
3117,18.844385307929358
3118,19.065273697366155
3119,18.617464813275177
3120,18.41985972985763
3121,18.30864055581584
3122,18.366540505460325
3123,18.424135809760163
3124,18.20130396412058
3125,17.94350524621926
3126,17.671040213259413
3127,17.58225399014405
3128,17.75830371602293
3129,17.75386636766282
3130,17.80030339783977
3131,17.696216257682632
3132,17.371934148843412
3133,17.473669106644373
3134,17.357465359752577
3135,17.355650792926866
3136,17.506921395683776
3137,17.76013976962328
3138,17.6309368074208
3139,17.526101394050418
3140,17.588733673844835
3141,17.447437922085918
3142,17.40823707704561
3143,17.597806265587476
3144,17.33655543409898
3145,17.445867279906142
3146,17.57826204569257
3147,17.555964229373927
3148,17.343589325595616
3149,17.456002673396657
3150,17.546623495809666
3151,17.66228978058659
3152,17.474423328977096
3153,17.513504593881553
3154,17.40040957312795
3155,17.791078729671682
3156,17.791248203018306
3157,17.18508497335456
3158,17.209352654469114
3159,17.32120986667535
3160,16.96545882674108
3161,16.517412938701447
3162,16.77100751406875
3163,16.91159354072107
3164,16.931571119736915
3165,16.930756503270775
3166,16.83304114068277
3167,16.521800960555797
3168,16.287666246299654
3169,16.107650011287326
3170,15.822004423295509
3171,16.14122815644688
3172,16.00920964494779
3173,16.058474819988945
3174,16.05070546818941
3175,15.976125031876245
3176,16.188551878863485
3177,16.115881105963883
3178,16.06757374831777
3179,16.143856590289392
3180,16.079530139053507
3181,15.897430263604207
3182,16.079162140546785
3183,16.190403543041484
3184,16.285236280760788
3185,16.417311409246523
3186,16.52503917661192
3187,16.440640967547303
3188,16.309195399707555
3189,16.335623516307496
3190,16.297077385214617
3191,16.1449508504305
3192,16.0794268496173
3193,15.992628442926756
3194,15.911957057411351
3195,16.060958783723052
3196,16.085121748671867
3197,16.049094739249156
3198,15.930047641463258
3199,15.483534818289234
3200,15.698962237384285
3201,15.621476294328241
3202,15.73786937272985
3203,15.662403108538788
3204,15.577628214540075
3205,15.323524677111916
3206,15.355654481862185
3207,15.235749579972069
3208,15.14846526131107
3209,15.140869261640987
3210,15.12003617794875
3211,15.074747775441228
3212,15.067163362164433
3213,14.930145684812448
3214,14.94709187089283
3215,15.081589632967356
3216,14.695381920076715
3217,14.772052069244037
3218,14.709101400977664
3219,14.73899484403965
3220,14.498708535558952
3221,14.502946926011361
3222,14.138722663206373
3223,14.40274219111276
3224,14.122613355548314
3225,14.017483829190123
3226,14.106407187304104
3227,14.056325253721134
3228,13.871710378698214
3229,13.713205886101619
3230,14.061019570292892
3231,14.253617433894831
3232,14.179988253721246
3233,13.731814001316131
3234,13.842828353401325
3235,13.730808350726099
3236,13.715897848606861
3237,13.563356553370497
3238,13.600463852029682
3239,13.658732620433481
3240,13.73448184719005
3241,13.801007524931308
3242,13.828279390374716
3243,13.715861825003387
3244,13.806538812805396
3245,13.775421364891912
3246,13.663616841794449
3247,13.487377950116905
3248,13.624781343593826
3249,13.662112805586652
3250,13.568622335944541
3251,13.485879617780158
3252,13.590752511092115
3253,13.366233142573844
3254,13.455269442191439
3255,13.380093670076223
3256,13.262144880390311
3257,13.211590921161742
3258,13.248595963933045
3259,13.090404048339009
3260,13.043751444200833
3261,12.866051117812116
3262,12.901541090809099
3263,12.75018349222544
3264,12.558736307179661
3265,12.628275859054694
3266,12.744714842811517
3267,12.832021238382731
3268,12.725731727869418
3269,12.879689868026011
3270,12.986130497122032
3271,12.859976624482805
3272,12.754274084190842
3273,12.727115049960691
3274,12.615357940017805
3275,12.542098516423948
3276,12.396336997417666
3277,12.47715549677565
3278,12.356706073351456
3279,12.106860470009204
3280,12.076098433040592
3281,12.04868465797109
3282,12.006630230871833
3283,12.246735901432231
3284,12.149038294518034
3285,11.980236100640777
3286,12.035693693363196
3287,12.03265914932355
3288,12.016676163323625
3289,11.950773158698055
3290,11.864186641875614
3291,11.9575913143087
3292,12.106616884876027
3293,12.021692070539787
3294,12.110891322243967
3295,12.11214740061035
3296,12.02916339100983
3297,12.01304335583237
3298,11.955805527225364
3299,11.952431844761366
3300,12.048297052254846
3301,12.140585999185697
3302,12.14770638996963
3303,12.09522911762888
3304,11.794363888063788
3305,11.638180342173698
3306,11.372029984727538
3307,11.439420413328826
3308,11.452220047955484
3309,11.610401029751836
3310,11.73237925915185
3311,11.483873148492021
3312,11.440917970696523
3313,11.318252887973925
3314,11.157726656902224
3315,11.031438741352233
3316,11.026174150069622
3317,10.82593441398247
3318,11.000375791582794
3319,10.949563415701228
3320,10.941300768655726
3321,10.948136615415166
3322,10.980535729522103
3323,10.847224015795119
3324,10.948694454114761
3325,10.98526418846095
3326,11.012668685912617
3327,11.066791738609869
3328,11.016361018064066
3329,10.936349153722041
3330,11.012428407107926
3331,10.999300492836163
3332,10.96696669615461
3333,10.928817923660667
3334,10.930525210350543
3335,10.889575726660317
3336,10.973377100166472
3337,10.926564982834844
3338,10.85214878451523
3339,10.850859911123962
3340,10.807350702922884
3341,10.716067690856212
3342,10.619311456299682
3343,10.616879507935248
3344,10.565354202693646
3345,10.493831411173808
3346,10.475728636101406
3347,10.424666850504371
3348,10.380924632848373
3349,10.371601926961262
3350,10.43783920693754
3351,10.362904165690587
3352,10.461472511627115
3353,10.287501729850193
3354,10.45646305878292
3355,10.489199342325609
3356,10.500632095329243
3357,10.464176339196293
3358,10.467111116778051
3359,10.405578858507084
3360,10.365213190006507
3361,10.412833450170835
3362,10.465789554849389
3363,10.49904451138157
3364,10.539056458918763
3365,10.566414248248257
3366,10.394783039394751
3367,10.34230858529264
3368,10.26799756984346
3369,10.379236816837336
3370,10.346160449694914
3371,10.295402938553348
3372,10.318481214123336
3373,10.425845887060687
3374,10.402286845340068
3375,10.529315365178435
3376,10.123884483893683
3377,10.149572506259515
3378,10.261392877875705
3379,10.257024673565661
3380,10.174758032274529
3381,10.323257006494796
3382,10.287910427762032
3383,10.363438594599442
3384,10.286779475904131
3385,10.383194971817828
3386,10.463264129752975
3387,10.497955852093702
3388,10.360691790524154
3389,10.375585853813464
3390,10.45091822612223
3391,10.500952599232182
3392,10.524528884871186
3393,10.451162588015285
3394,10.475965979365473
3395,10.488901721479364
3396,10.37170743226565
3397,10.41716040889849
3398,10.402812359548589
3399,10.363920992232613
3400,10.374163464822676
3401,10.367587123674578
3402,10.305747255031928
3403,10.263347352501937
3404,10.247949777176839
3405,10.249175775189485
3406,10.315360664933436
3407,10.315093137271836
3408,10.364296429197466
3409,10.47154260512646
3410,10.597285219409112
3411,10.456219416116596
3412,10.357235164510628
3413,10.151770586368343
3414,10.14276644975469
3415,10.225143083723657
3416,10.280913463980472
3417,10.17557584305752
3418,9.728418844479057
3419,9.60837993288713
3420,9.750293688934205
3421,9.723381367534392
3422,9.599016803960444
3423,9.593380081311594
3424,9.604940691961083
3425,9.492484364368421
3426,9.471059687273966
3427,9.347021928362976
3428,9.300283916109095
3429,9.215960005541477
3430,9.076053517294252
3431,9.022750614260834
3432,9.061583467196767
3433,9.117130949650967
3434,9.179651061694157
3435,9.199788746764838
3436,9.122581723735967
3437,9.086376579548764
3438,9.053866366299117
3439,9.060823955944187
3440,9.003415941522539
3441,9.069793815479313
3442,9.025570976815635
3443,8.988590560595012
3444,8.932821483711201
3445,8.971552754143303
3446,8.92302807036847
3447,8.909887767918915
3448,8.868639693777775
3449,8.833368514894941
3450,8.809874711186511
3451,8.76197775440745
3452,8.729349823134912
3453,8.655050326564783
3454,8.645854007257789
3455,8.509548204057369
3456,8.500610371586427
3457,8.534259243729297
3458,8.548212662064335
3459,8.52310034616025
3460,8.493478043234818
3461,8.452522413170417
3462,8.416254533691733
3463,8.309590878892768
3464,8.339512397621682
3465,8.30245369507943
3466,8.353681295519305
3467,8.394517617680886
3468,8.436283183494803
3469,8.355371691066885
3470,8.29829919884584
3471,8.308570501662203
3472,8.305364624513697
3473,8.31774388664548
3474,8.32447820831387
3475,8.285633012493651
3476,8.244693837447217
3477,8.391870197326124
3478,8.385027099907115
3479,8.420030168197485
3480,8.375719134405676
3481,8.338133480600714
3482,8.3532143349596
3483,8.322312496545491
3484,8.35365436801877
3485,8.36089654582897
3486,8.42020716907501
3487,8.336174186830197
3488,8.288140288391704
3489,8.251060696683068
3490,8.263656621497784
3491,8.284771185342557
3492,8.179142903213183
3493,8.153154232502304
3494,8.214879260382782
3495,8.102457040901216
3496,8.021323173722758
3497,8.0180375151994
3498,7.997768297767555
3499,8.016700388404065
3500,8.000675004327643
3501,7.958333048687913
3502,7.99817172406078
3503,7.926547434666081
3504,7.862510993101986
3505,7.859340339423381
3506,7.86658546452599
3507,7.862315188934493
3508,7.851794843667092
3509,7.84439676200838
3510,7.917737306985022
3511,7.954596035538549
3512,7.916012812926183
3513,7.917680655378305
3514,7.900826330239204
3515,7.87068497558498
3516,7.828359192674998
3517,7.783108970172121
3518,7.819503988101713
3519,7.815056046215733
3520,7.822770158211625
3521,7.747389144426806
3522,7.718764650780287
3523,7.706360502003094
3524,7.6597528149203615
3525,7.6263595055160325
3526,7.60209175352365
3527,7.59690030882484
3528,7.55275720940776
3529,7.504774166416749
3530,7.504690006518004
3531,7.50556873152616
3532,7.452924068980423
3533,7.384642714385431
3534,7.407371505823844
3535,7.417179794085485
3536,7.381717061170641
3537,7.430706012169215
3538,7.427596814323267
3539,7.4020045181120695
3540,7.3072724335521775
3541,7.26445184341178
3542,7.19944187276965
3543,7.22962366232565
3544,7.220006902394815
3545,7.153457714026309
3546,7.059213252916649
3547,7.110467819342508
3548,7.125034259120291
3549,7.094515100156867
3550,7.143396860673426
3551,7.21875565574391
3552,7.1852914784768815
3553,7.263057885293354
3554,7.185030190527181
3555,7.101609437338867
3556,7.075139925487112
3557,7.09020554094474
3558,7.0581658264230365
3559,7.064702601985389
3560,7.041214453485237
3561,7.038355568691032
3562,7.053203938774184
3563,6.977660211325725
3564,6.90331943741497
3565,6.889519701859577
3566,6.825775766268066
3567,6.779806665996938
3568,6.799435297935305
3569,6.716853360703415
3570,6.677721640845862
3571,6.679948121213753
3572,6.72877134896478
3573,6.628630026704373
3574,6.576218972098573
3575,6.291315893921108
3576,6.393937462043214
3577,6.419176771410452
3578,6.407248284349023
3579,6.403456608163166
3580,6.39965448772815
3581,6.291669322036094
3582,6.27192231528394
3583,6.26832927636045
3584,6.270974197361939
3585,6.307436970987217
3586,6.303719405053515
3587,6.276921106024957
3588,6.184674131818822
3589,6.198824331494906
3590,6.190842942164985
3591,6.082520310531994
3592,6.12570618097005
3593,6.206394617933581
3594,6.224612357910278
3595,6.175493632050857
3596,6.14571910076602
3597,6.001232739245144
3598,5.979688217169684
3599,5.849922084819324
3600,5.8261245524008825
3601,5.745453311145867
3602,5.697802560203791
3603,5.755161785760491
3604,5.711924304547713
3605,5.727040055431053
3606,5.686548193485601
3607,5.7161014202121
3608,5.679150660840106
3609,5.660156063785489
3610,5.626808727039431
3611,5.714509622863672
3612,5.703930344517701
3613,5.727064094195549
3614,5.715615693071251
3615,5.767952267825123
3616,5.70702156313363
3617,5.732380683306695
3618,5.746774215732419
3619,5.741944706240689
3620,5.743756523251877
3621,5.681708049697012
3622,5.673659536382591
3623,5.6276405285574755
3624,5.5801348307591105
3625,5.570624848893743
3626,5.5652341394382745
3627,5.590148287625114
3628,5.555268052428224
3629,5.502557374615087
3630,5.481787756026037
3631,5.4334528370431805
3632,5.335012500248765
3633,5.355910291580145
3634,5.360549682560227
3635,5.316785398966496
3636,5.337530724191864
3637,5.380651458001164
3638,5.409156186475369
3639,5.458315990449301
3640,5.4458087415377525
3641,5.3823573750200735
3642,5.39464870010539
3643,5.370379354366549
3644,5.403186125288579
3645,5.382904039465931
3646,5.405261188311327
3647,5.386586696912602
3648,5.359326258956866
3649,5.321963956264036
3650,5.29724525365778
3651,5.293682035667952
3652,5.286995482138464
3653,5.292755243000434
3654,5.269759159190006
3655,5.2034652001955894
3656,5.167558026822298
3657,5.147200563367326
3658,5.129983061009419
3659,5.16198288458953
3660,5.13556273451705
3661,5.145957092789982
3662,5.1494163566569755
3663,5.133787680224393
3664,5.127328330426159
3665,5.121633388366528
3666,5.100789117033007
3667,5.150321856657338
3668,5.163417557813919
3669,5.1809585995144
3670,5.182626518769957
3671,5.229269384854771
3672,5.270465287804166
3673,5.217348177789209
3674,5.17262341525604
3675,5.136985325252509
3676,5.166072803008841
3677,5.172049748747505
3678,5.126209729535555
3679,5.1063667774099
3680,5.1145754524415095
3681,5.103616236590819
3682,5.075805070196331
3683,5.05760386053657
3684,5.035801239105226
3685,5.076786976458145
3686,5.046986239823609
3687,4.986048913406765
3688,4.995655549974433
3689,4.974816667628576
3690,4.989421987049157
3691,4.91747526138348
3692,4.872405689035203
3693,4.918649208144726
3694,4.897355998193192
3695,4.9390368234849085
3696,4.951280359066558
3697,4.942806779239628
3698,4.943584980805317
3699,4.933702754428688
3700,4.894114640554143
3701,4.895632722724799
3702,4.90699415129432
3703,4.90422024463031
3704,4.90845893102192
3705,4.87482286278101
3706,4.8454974987242805
3707,4.800915900030909
3708,4.775995564142935
3709,4.776180050466557
3710,4.7756509823461535
3711,4.75710396824505
3712,4.704063960783654
3713,4.667077337531652
3714,4.635725401470882
3715,4.582501735216208
3716,4.602130333312018
3717,4.55872654404311
3718,4.542786498346512
3719,4.560278133188515
3720,4.549802160467207
3721,4.564459123390997
3722,4.576330216801926
3723,4.587459691375608
3724,4.543211851467941
3725,4.54624791299283
3726,4.545222442248012
3727,4.552229266462095
3728,4.553836396505843
3729,4.53404764456748
3730,4.539647457877938
3731,4.572479336035628
3732,4.486331775245603
3733,4.470075791045783
3734,4.457172888454966
3735,4.364458015281731
3736,4.362319090355251
3737,4.341111136734666
3738,4.211741700837237
3739,4.058651154165867
3740,4.120442355093275
3741,4.097209439154446
3742,4.070799426955723
3743,4.080845168269723
3744,4.095371210044623
3745,4.083950519188973
3746,4.114517649539516
3747,4.11531188442213
3748,4.114157689543069
3749,4.094383745738489
3750,4.095164248467904
3751,4.094008000775012
3752,4.091564387352962
3753,4.114575666924716
3754,4.13430227430752
3755,4.160907515066613
3756,4.180429866106502
3757,4.221327267108489
3758,4.2015452289635835
3759,4.1799385894672545
3760,4.172210575478824
3761,4.148209613711083
3762,4.143668400388255
3763,4.155350857019335
3764,4.121514458293255
3765,4.094632513192572
3766,4.064740610821472
3767,4.0788974871381605
3768,4.0491237358584655
3769,4.058907471391157
3770,4.072942648185861
3771,4.044538233478291
3772,4.069543906405143
3773,4.08281369329883
3774,4.082586612167123
3775,4.04701497459132
3776,4.0419645197965295
3777,4.052085345457453
3778,4.045196182152632
3779,4.035297033082855
3780,4.035070246126552
3781,4.019180040595569
3782,4.001535287715517
3783,3.970757116857651
3784,3.9616230698866746
3785,3.9572861204216503
3786,3.9571217157220677
3787,3.95991551098581
3788,3.97158456075576
3789,3.9529840337899484
3790,3.9279397684003663
3791,3.8894114335868144
3792,3.8928227724657463
3793,3.8709392374577662
3794,3.8590964320153707
3795,3.8607457380550905
3796,3.844851300669793
3797,3.8546521455306593
3798,3.8527639447892055
3799,3.834612153273123
3800,3.7973972881900067
3801,3.793853993793502
3802,3.8341683294102173
3803,3.839750303141754
3804,3.8475937686307145
3805,3.8341660940163416
3806,3.835661384375
3807,3.845705510822156
3808,3.8249033395415823
3809,3.8320529289199707
3810,3.8300718838871344
3811,3.8286502337843795
3812,3.823259380330903
3813,3.781180730135938
3814,3.7764391266777286
3815,3.759893718672567
3816,3.7327376104964434
3817,3.7263959148765644
3818,3.7083276744894027
3819,3.67916104632699
3820,3.6601162981086475
3821,3.687799935927528
3822,3.6737746438787684
3823,3.6752842081926773
3824,3.697205709775677
3825,3.723433922332451
3826,3.717090834398298
3827,3.701426438842635
3828,3.648009447833198
3829,3.6625865292788435
3830,3.6759994673386345
3831,3.7002351975985257
3832,3.709685813936038
3833,3.70715155125679
3834,3.6883737921658977
3835,3.707471093377256
3836,3.7636773820947975
3837,3.8061927972483196
3838,3.7851597613232717
3839,3.8236810433199544
3840,3.8117588363734582
3841,3.7993352505417515
3842,3.76031123040385
3843,3.7469464098960352
3844,3.702316374907786
3845,3.7017990645342724
3846,3.680130998050997
3847,3.637438993169745
3848,3.6601691390077082
3849,3.625537487075602
3850,3.6948287721355015
3851,3.725112486247221
3852,3.66440728826762
3853,3.6112253087805253
3854,3.619088170342423
3855,3.6160057655406512
3856,3.635194428415046
3857,3.657393602005551
3858,3.6562734247981585
3859,3.6541133482959567
3860,3.6432118105964677
3861,3.6636215785129114
3862,3.6680693951107903
3863,3.6351980871889737
3864,3.623853280602215
3865,3.6211878281912453
3866,3.6560898117276053
3867,3.644220944964723
3868,3.6384532229967803
3869,3.6685263506496377
3870,3.6445717850338224
3871,3.6247196529301102
3872,3.577842659141411
3873,3.6017313276337184
3874,3.5715472510483037
3875,3.606793662185224
3876,3.5836585222721093
3877,3.5998381099633887
3878,3.5971030957093633
3879,3.562704937115162
3880,3.5076947867349904
3881,3.4859016962502984
3882,3.4627065516924884
3883,3.457256818535627
3884,3.4111651147497772
3885,3.390171602767248
3886,3.404857937592063
3887,3.399998934097209
3888,3.387857945377647
3889,3.365569377597952
3890,3.342388555204524
3891,3.335224174613192
3892,3.340124592544572
3893,3.331523615557101
3894,3.2979807958369576
3895,3.2861180784481334
3896,3.2800272664948116
3897,3.255337565065533
3898,3.225971182069639
3899,3.245662668749049
3900,3.243443526151635
3901,3.261575547048887
3902,3.199308695616174
3903,3.2197880644236867
3904,3.2307618725578005
3905,3.189083252095954
3906,3.1330297181861977
3907,3.093558049488392
3908,3.0757041825758766
3909,3.0774754810347367
3910,3.0745781133387684
3911,2.9394400303579977
3912,2.9002228719849708
3913,2.881485216430185
3914,2.926920875541974
3915,2.9072609315876945
3916,2.9023680786437738
3917,2.9126124332955126
3918,2.9081627592222343
3919,2.90189271044083
3920,2.8865217359031914
3921,2.903037153214047
3922,2.912666530180104
3923,2.890536428945958
3924,2.8770727913365124
3925,2.860493157561414
3926,2.874137070598249
3927,2.881873066507929
3928,2.859069903217039
3929,2.8305277855006645
3930,2.8230827991921372
3931,2.8428499074725275
3932,2.841616112841671
3933,2.8377117896955304
3934,2.8448899528360667
3935,2.818859818627242
3936,2.809694042521473
3937,2.797029829913368
3938,2.797153323405369
3939,2.8016523249475527
3940,2.7947382993277072
3941,2.7791014079731085
3942,2.7757264449380186
3943,2.7710482085500074
3944,2.7468318167484487
3945,2.75737973822919
3946,2.7518677361324704
3947,2.744207998595755
3948,2.7322590110573333
3949,2.7151865132483457
3950,2.6973130196771553
3951,2.6482335887587785
3952,2.6591829707291255
3953,2.647894889481715
3954,2.6349383302532305
3955,2.6292461941881027
3956,2.6515532546913607
3957,2.6335568803378138
3958,2.6384288323376532
3959,2.639898726085583
3960,2.6270496080924803
3961,2.631034254259029
3962,2.6291266914511566
3963,2.640178791755998
3964,2.6461684688725775
3965,2.623386756548288
3966,2.609414078919986
3967,2.599220100647375
3968,2.5758089600451606
3969,2.5917309008679164
3970,2.581602063258493
3971,2.5904326576298957
3972,2.594700109642161
3973,2.602628914400279
3974,2.5790193014580285
3975,2.5738638418744144
3976,2.5674964587025393
3977,2.56439701014075
3978,2.555212954640647
3979,2.5241869125337377
3980,2.5336908909501705
3981,2.551213865223192
3982,2.5497369177023987
3983,2.5386138490027026
3984,2.555189913935891
3985,2.552482919760163
3986,2.54338712106667
3987,2.556237201729875
3988,2.562264103635301
3989,2.551981807392538
3990,2.571442004802505
3991,2.557603704678416
3992,2.543415881853429
3993,2.5312434817024547
3994,2.539152420873232
3995,2.5262324308991704
3996,2.5411452786547994
3997,2.5399719764535553
3998,2.5309959342498125
3999,2.5492815424472774
4000,2.53020648727775
4001,2.5414248846492473
4002,2.533637285662239
4003,2.5316604061780286
4004,2.5177397616835564
4005,2.461960579338936
4006,2.418288190856917
4007,2.4348967466829166
4008,2.426590126489698
4009,2.438519929110999
4010,2.4233687522566187
4011,2.4090281116008287
4012,2.400421527060413
4013,2.3899480455354603
4014,2.3881911764535615
4015,2.3544016687682783
4016,2.3545841503474265
4017,2.346874778142933
4018,2.328698871780534
4019,2.3262867274288506
4020,2.327605656491505
4021,2.3099213018677736
4022,2.2733475918562074
4023,2.2320899444836386
4024,2.2357701824176384
4025,2.2686061896356193
4026,2.276604365751715
4027,2.259913251741544
4028,2.240709729200466
4029,2.220474706822526
4030,2.2270064530216254
4031,2.240802242385763
4032,2.226488885588415
4033,2.2154952443310694
4034,2.2266654616561947
4035,2.2432127987031834
4036,2.234031477517391
4037,2.212978228274358
4038,2.2150322395176163
4039,2.198752246306021
4040,2.1864713063460464
4041,2.1499056240541004
4042,2.167028341707073
4043,2.1423877703770473
4044,2.131704689449237
4045,2.1143132355889267
4046,2.10619096076604
4047,2.0906702122052794
4048,2.100953537169677
4049,2.074223133535925
4050,2.076049488061125
4051,2.122390838121353
4052,2.1261966520084625
4053,2.113914000626455
4054,2.10480878282013
4055,2.1113842870150794
4056,2.0905007213852014
4057,2.0783534607851997
4058,2.085608827460158
4059,2.0859255568265955
4060,2.072113250337279
4061,2.0545672613575254
4062,2.0525181876062226
4063,2.048415203749198
4064,2.0549109854391334
4065,2.044666151391572
4066,2.0368359310383646
4067,2.033443468847505
4068,2.0161612195619
4069,2.001984010040002
4070,1.9949440581286093
4071,1.9892717688777668
4072,2.0101744433808353
4073,2.0145444476383636
4074,2.0078384693924143
4075,2.0031564131005406
4076,1.9964838990885025
4077,2.0061401396082945
4078,1.9998045113862104
4079,1.9977960784824027
4080,1.9941333507800163
4081,1.9815617415545135
4082,1.9706801509425447
4083,1.9420742802005666
4084,1.9427872793083496
4085,1.9392312203782924
4086,1.9703349256479887
4087,1.96509116807545
4088,1.9601861138966317
4089,1.9559427404426841
4090,1.9533300581621595
4091,1.9510436689513342
4092,1.9387451033523417
4093,1.8800665155992669
4094,1.8763082626345837
4095,1.8542557770853065
4096,1.8457424986965572
4097,1.847489473783765
4098,1.8444346654492045
4099,1.8525330121917432
4100,1.8357964387026562
4101,1.8181676211902864
4102,1.8281476431971824
4103,1.831760814272727
4104,1.8482816919333587
4105,1.8386072545039716
4106,1.836188250994277
4107,1.8312638497768923
4108,1.8319828938661413
4109,1.8214520686812912
4110,1.8143835055630257
4111,1.820085540843367
4112,1.814585121994994
4113,1.8069313509158473
4114,1.8051739258911446
4115,1.7916937920723937
4116,1.7742580211083165
4117,1.7707112793241209
4118,1.7653317819510081
4119,1.7593546601528378
4120,1.738428987021308
4121,1.7300769767735784
4122,1.7168842693006894
4123,1.7258993368744757
4124,1.670942425947555
4125,1.6775806114936174
4126,1.6781501546468556
4127,1.6892515989432837
4128,1.6621300697153485
4129,1.6489086206090078
4130,1.6396251411893579
4131,1.6500908181721565
4132,1.6563337230148343
4133,1.6554033026667436
4134,1.6298207268089777
4135,1.6250807885040965
4136,1.5958024803177997
4137,1.6070773480988145
4138,1.6094624182626833
4139,1.6124195761012174
4140,1.5578452623628465
4141,1.554731129683383
4142,1.529118986309234
4143,1.5432713130767566
4144,1.5503746563755292
4145,1.5350738860494562
4146,1.52040795864003
4147,1.5286534415178366
4148,1.5175119667953274
4149,1.5554025215293772
4150,1.5586209450371735
4151,1.5575145876274972
4152,1.5621358800897758
4153,1.5592990705517529
4154,1.5567526888537278
4155,1.5559188058302174
4156,1.5590606814453827
4157,1.5570786026423666
4158,1.5525507329323367
4159,1.5466223030983037
4160,1.536200596761356
4161,1.5266584556020368
4162,1.5250106523243618
4163,1.5334518353522666
4164,1.5468873425900627
4165,1.529281040308552
4166,1.5109032700727651
4167,1.487032822687606
4168,1.5209606016114117
4169,1.5295496520177305
4170,1.5334005366544736
4171,1.5438487719876668
4172,1.5536986388461873
4173,1.6030574939201048
4174,1.5962892244904667
4175,1.584890626450593
4176,1.5871832359923
4177,1.5722931937346447
4178,1.57649282346191
4179,1.5784981310357462
4180,1.6059503003762954
4181,1.5997664621159624
4182,1.5698601334923492
4183,1.5610678910344933
4184,1.5649336271558327
4185,1.561805324835148
4186,1.5653740524159003
4187,1.5587726208723485
4188,1.5503253916533848
4189,1.5581334916664142
4190,1.5494433355843473
4191,1.569133139524893
4192,1.5498657799363758
4193,1.5356834421040513
4194,1.5347206583147353
4195,1.543481200976932
4196,1.540133453074221
4197,1.5354838987835886
4198,1.535027278859468
4199,1.5369131791464323
4200,1.5294168491304119
4201,1.521684630469677
4202,1.5137180153775844
4203,1.5065532106180919
4204,1.5001854910832135
4205,1.5023395599536746
4206,1.5042218901670321
4207,1.4886406715351146
4208,1.4764451002362708
4209,1.4780943606104142
4210,1.4810065377493542
4211,1.4688814076431052
4212,1.4809348471076398
4213,1.4612398015887957
4214,1.435544413888219
4215,1.4273713638178476
4216,1.435103639055239
4217,1.4272041859293072
4218,1.4346434852331231
4219,1.4345314565215346
4220,1.4209125978552786
4221,1.411584444666152
4222,1.412249107305238
4223,1.4148937294105288
4224,1.417770170336996
4225,1.4295408810097086
4226,1.4170484849058422
4227,1.4095313384059405
4228,1.402284640947945
4229,1.4026738338667035
4230,1.4025657167400312
4231,1.3941365247024158
4232,1.3767038600443826
4233,1.3766315223117196
4234,1.3697465702800948
4235,1.3519650454471739
4236,1.3378813948223833
4237,1.3419736296711644
4238,1.337361557755687
4239,1.3289113431238182
4240,1.3298581499720314
4241,1.3286382025803063
4242,1.3298104244411022
4243,1.3374197731536908
4244,1.3247374612819072
4245,1.3121005089622364
4246,1.3156488033185505
4247,1.304964944412085
4248,1.3151222010007055
4249,1.3181556550610636
4250,1.3183461940245274
4251,1.3121859651336387
4252,1.3011201645952792
4253,1.3039024161187485
4254,1.293821230341315
4255,1.3010257943271526
4256,1.2970291379655852
4257,1.2849167549348512
4258,1.284433702159784
4259,1.2712282260838623
4260,1.2739953548384142
4261,1.26569026566882
4262,1.2767227438939603
4263,1.2773823842848049
4264,1.259259865830174
4265,1.2494306483817488
4266,1.2562827538706338
4267,1.265378332225412
4268,1.2662558072367913
4269,1.268938134061658
4270,1.2639130635673157
4271,1.2600318711387972
4272,1.2640473585868612
4273,1.2572479984998584
4274,1.2560812824763992
4275,1.2511066857772706
4276,1.2483821993943367
4277,1.25436362052517
4278,1.2523014103714278
4279,1.2440212154865566
4280,1.2446388074749195
4281,1.2397164865031443
4282,1.2348088713926948
4283,1.2292546778992346
4284,1.2241577046344818
4285,1.2287357238282457
4286,1.2361387944359905
4287,1.2306065426807367
4288,1.2397122616394982
4289,1.2337495238925091
4290,1.2254148300007712
4291,1.2205791637684922
4292,1.2252831027677045
4293,1.2236979553165406
4294,1.2190956182325636
4295,1.220101613608071
4296,1.2118642370039805
4297,1.2109420025212267
4298,1.2053128657516605
4299,1.1982071053512438
4300,1.197090148983507
4301,1.1934214613808405
4302,1.1908236195025796
4303,1.194160904605967
4304,1.1915624320779012
4305,1.188547731572146
4306,1.1897503377036127
4307,1.186741786849255
4308,1.1808052695658837
4309,1.1713306486824673
4310,1.160845075616445
4311,1.1624842452453292
4312,1.1591204962135917
4313,1.163238172253843
4314,1.1575983327830606
4315,1.1532168558244245
4316,1.1579268126120281
4317,1.1935010387796365
4318,1.186388582464215
4319,1.184222087303959
4320,1.1818548273514384
